Product Url,Image,Image1,Image2,Image3,Vendor,Sku Styleisnow,Season,Year,SKU,Variant,Color detail,Color Supplier,Made in,Material,Product's Title,Description,Tags,Qty,Retail Price,Discount,Size Info,Size,Qty Detail,Handle height,Shoulder bag length,Belt length,Belt height,Accessory length,Accessory height,Accessory weight,Heel height,Plateau height,Barcode,Compare to Price,Qty_Detail,SKU FULL
https://www.styleisnow.com/business/pumps-jimmy-choo-241516nde000007-blkbk.html,,http://cdn.orderlink.it/foto/241516CASS95NPA/CASS95NPAyme-13.jpg,http://cdn.orderlink.it/foto/241516CASS95NPA/CASS95NPArci-14.jpg,http://cdn.orderlink.it/foto/241516CASS95NPA/CASS95NPApmm-16.jpg,JIMMY CHOO,241516NDE000007-BLKBK,Spring - Summer,2024,CASS 95 NPA,BLKBK,Nero,BLACK BLACK,Italy,80% lamb leather 20% calf leather,Cass 95 Pumps,"Cass pointed-toe pumps by Jimmy Choo crafted in smooth and patent leather. Leather lining, leather-coated stiletto heel, leather sole.",Woman > Shoes > Pumps,5,835.0,48.00%,IT,37,"0,0,0,0,0,0,0,0,0,0,0,0,1,0,0,0,0,0,0,0,0,0,0,0,0,0,0,0",,,,,,,,"95.0 mm / 3.7""",0,196176026354,580.0,0,241516NDE000007-BLKBK-37
https://www.styleisnow.com/business/belts-salvatore-ferragamo-241400fcr000007-096bs.html,,http://cdn.orderlink.it/foto/1914006755420705614/6755420705614lhv-13.jpg,http://cdn.orderlink.it/foto/1914006755420705614/6755420705614mro-14.jpg,http://cdn.orderlink.it/foto/1914006755420705614/6755420705614hwg-15.jpg,FERRAGAMO,241400FCR000007-096BS,Spring - Summer,2024,6755420705614,096BS,Marrone,BROWN SUGAR,Italy,100%CALF LEATHER,Double Gancio Reversible Belt,Reversible belt in grained calf leather with the iconic Double Gancio buckle in ruthenium-finished metal with engraved logo.,Man > Accessories > Belts,1,580.0,42.00%,CM,105,"0,0,0,0,0,0,0,0,0,5,0,12,0,0,0,0",,,0,"3,5 cm",0,0,0,0,,8056744829102,400.0,5,241400FCR000007-096BS-105
https://www.styleisnow.com/business/chelsea-boots-ganni-241671nsv000008-099.html,,http://cdn.orderlink.it/foto/241671S2576/S2576ueb-13.jpg,http://cdn.orderlink.it/foto/241671S2576/S2576flg-14.jpg,http://cdn.orderlink.it/foto/241671S2576/S2576gsf-16.jpg,GANNI,241671NSV000008-099,Spring - Summer,2024,S2576,099,Nero,BLACK,Portugal,45% rec leather 20% REC PES 20% PU 15% PES,Cleated Mid Chelsea Ankle Boots,"Chelsea ankle boots by Ganni in faux leather, featuring chelsea-style elastic panels, toe cap details, pull tabs, and chunky soles.",Woman > Shoes > Boots and booties > Chelsea boots,5,480.0,44.00%,IT,38,"0,0,0,0,0,0,0,0,1,0,0,0,0,0,0,0,0,0,0,0,0,0,0,0,0,0,0,0",,,,,,,,"40.0 mm / 1.6""",0,5714667617543,330.0,1,241671NSV000008-099-38
https://www.styleisnow.com/business/pullovers-thom-browne-241976uma000002-415.html,http://cdn.orderlink.it/foto/241976MKA492AY1024/MKA492AY1024ept-20.jpg,http://cdn.orderlink.it/foto/241976MKA492AY1024/MKA492AY1024dnb-13.jpg,http://cdn.orderlink.it/foto/241976MKA492AY1024/MKA492AY1024pks-14.jpg,http://cdn.orderlink.it/foto/241976MKA492AY1024/MKA492AY1024jvf-15.jpg,THOM BROWNE,241976UMA000002-415,Spring - Summer,2024,MKA492AY1024,415,Blu,NAVY,Ireland,100%WV,Cable Wool Sweater With Rwb Detail,"Crafted from pure virgin merino wool to a relaxed fit, this Thom Browne sweater features a cable stitch motif throughout and an RWB stripe detail at the crew neck. The buttoned cuffs and side vents are finished with signature striped grosgrain trims. Iconic loop tab at the back of the neck. The model is 187 cm tall and wears a size 3 Thom Browne.",Man > Clothing > Knitwear > Pullovers,1,1105.0,57.00%,NUMERIC,1,"0,0,0,0,1,0,0,0,0,0,0",,,,,,,,0,,197242853270,760.0,0,241976UMA000002-415-1
https://www.styleisnow.com/business/sneakers-veja-241773nsn000014-exwnt.html,,http://cdn.orderlink.it/foto/241773VQ0201270A/VQ0201270Ajry-13.jpg,http://cdn.orderlink.it/foto/241773VQ0201270A/VQ0201270Awve-14.jpg,http://cdn.orderlink.it/foto/241773VQ0201270A/VQ0201270Asjp-16.jpg,VEJA,241773NSN000014-EXWNT,Spring - Summer,2024,VQ0201270A,EXWNT,Bianco,EXTRA WHITE NATURAL,Brazil,100% PBV,V-15 Sne,"The V-15 high-top sneakers by Veja are made of smooth leather with suede ""V"" detailing on the sides. The logo is printed on the tongue, and there is a grosgrain pull tab at the back, lace-up closure, and perforations on the toe. The interior is made of eco-friendly fabric with a removable insole, and the sole is crafted from rubber sourced from the Amazon rainforest.",Woman > Shoes > Sneakers,1,225.0,42.00%,IT,39,"0,0,0,0,1,0,1,0,0,0,1,0,1,0,0,0,0,0,0,0,0,0,0,0,0,0,0,0",,,,,,,,"35.0 mm / 1.4""",0,3611820133792,150.0,1,241773NSN000014-EXWNT-39
https://www.styleisnow.com/business/sandals-jimmy-choo-241516nsp000001-vblkb.html,,http://cdn.orderlink.it/foto/241516FITZMPFP/FITZMPFPgsn-13.jpg,http://cdn.orderlink.it/foto/241516FITZMPFP/FITZMPFPsuf-14.jpg,http://cdn.orderlink.it/foto/241516FITZMPFP/FITZMPFPkiv-16.jpg,JIMMY CHOO,241516NSP000001-VBLKB,Spring - Summer,2024,FITZ F PFP,VBLKB,Nero,V BLACK BLACK,Vietnam,93% TR 7% lamb leather,Slides With Logo,"Jimmy Choo rubber slides with adjustable, leather-finished band featuring the embossed maxi logo lettering. Anatomical footbed.",Woman > Shoes > Sandals,2,380.0,48.00%,IT,38,"0,0,0,0,0,0,2,0,1,0,3,0,0,0,0,0,0,0,0,0,0,0,0,0,0,0,0,0",,,,,,,,0,0,197255114306,260.0,1,241516NSP000001-VBLKB-38
https://www.styleisnow.com/business/sneakers-salomon-241241xsn000018-besmx.html,,http://cdn.orderlink.it/foto/231241L47132900/L47132900vry-13.jpg,http://cdn.orderlink.it/foto/231241L47132900/L47132900jww-14.jpg,http://cdn.orderlink.it/foto/231241L47132900/L47132900evj-16.jpg,SALOMON,241241XSN000018-BESMX,Spring - Summer,2024,L47132900,BESMX,Nero,BLACK EBONY SILVER METALLIC X,China,100% TPU,Xt-4 Og Sneakers,"Salomon XT-4 OG sneakers made of technical fabric with SensiFit™ construction and one-pull Quicklace™ lacing system. Lined in technical fabric with molded, removable OrthoLite® insole. Agile Chassis™ Skeleton insert between the Mud Contagrip® rubber tread and EnergyCell midsole.",Unisex > Calzature unisex > Sneakers,2,245.0,37.00%,UNISEX,5,"0,0,0,0,0,0,0,0,1,0,4,5,0,0,0,0,0,0,0,0,0,0,0,0,0,0,0,0,0",,,,,,,,"30.0 mm / 1.2""",0,195751189606,170.0,1,241241XSN000018-BESMX-5
https://www.styleisnow.com/business/sandals-castaner-241652nwe000009-319.html,,http://cdn.orderlink.it/foto/241652CARINA6002/CARINA6002vxl-13.jpg,http://cdn.orderlink.it/foto/241652CARINA6002/CARINA6002kql-14.jpg,http://cdn.orderlink.it/foto/241652CARINA6002/CARINA6002unc-16.jpg,CASTANER,241652NWE000009-319,Spring - Summer,2024,CARINA 6 002,319,Blu,AZUL OXFORD,Spain,100% CO,Carina Wedge Sandals,"Carina handmade espadrilles by Castaner with front canvas upper and contrasting heel with ribbon tied at the ankle. Wedge covered in braided rope, canvas interior, rubber sole.",Woman > Shoes > Sandals,2,135.0,48.00%,IT,37,"0,0,0,0,0,0,4,0,4,0,2,0,0,0,0,0,0,0,0,0,0,0,0,0,0,0,0,0",,,,,,,,"70.0 mm / 2.8""",0,8434483844592,90.0,4,241652NWE000009-319-37
https://www.styleisnow.com/business/lightweight-and-windbreakers-the-north-face-241754ugc000005-kx7t.html,http://cdn.orderlink.it/foto/241754NF0A831M/NF0A831Mmby-20.jpg,http://cdn.orderlink.it/foto/241754NF0A831M/NF0A831Mcbe-13.jpg,http://cdn.orderlink.it/foto/241754NF0A831M/NF0A831Mbje-14.jpg,http://cdn.orderlink.it/foto/241754NF0A831M/NF0A831Muhx-15.jpg,THE NORTH FACE,241754UGC000005-KX7T,Spring - Summer,2024,NF0A831M,KX7T,Nero,TNF BLACK TNF BLACK,Vietnam,100%PL,Mountain Gore-Tex Jacket,"The North Face's Mountain lightweight jacket is made from recycled Gore-Tex fibers, ensuring waterproof, breathable and wind-resistant action. Personalized with the iconic TNF logo printed on the chest and back, it features an adjustable hood, Velcro straps at the wrists, a two-way zipper and snap buttons closure, side pockets with zippers, and an internal drawstring at the bottom. Lined and lightly padded, it also has two inner pockets, ventilation zippers under the arms, and heat",Man > Clothing > Jackets and Blazers > Lightweight and Windbreakers,4,605.0,42.00%,-,l,"1,0,1,1,0,0,0,0,0,0,0,0",,,,,,,,0,,196575631463,420.0,1,241754UGC000005-KX7T-l
https://www.styleisnow.com/business/t-shirts-the-north-face-241754uts000004-x8a.html,http://cdn.orderlink.it/foto/241754NF0A3RX3/NF0A3RX3kmd-20.jpg,http://cdn.orderlink.it/foto/241754NF0A3RX3/NF0A3RX3zro-13.jpg,http://cdn.orderlink.it/foto/241754NF0A3RX3/NF0A3RX3bxq-14.jpg,http://cdn.orderlink.it/foto/241754NF0A3RX3/NF0A3RX3efg-15.jpg,THE NORTH FACE,241754UTS000004-X8A,Spring - Summer,2024,NF0A3RX3,X8A,Grigio,MID GREY HEATHER,Turkey,100% PL,Reaxion T,"The North Face T-Shirt made of FlashDry&trade  technical jersey with contrasting logo on the chest, crew neck and regular fit. The model is 187 cm tall and wears size L.",Man > Clothing > T-Shirts and Sweatshirts > T-shirts,2,45.0,42.00%,-,s,"0,2,1,0,0,0,0,0,0,0,0,0",,,,,,,,0,,194903409555,30.0,1,241754UTS000004-X8A-s
https://www.styleisnow.com/business/boots-alexander-mcqueen-241527lsv000007-9061.html,,http://cdn.orderlink.it/foto/241527782457WIATT/782457WIATTzdh-13.jpg,http://cdn.orderlink.it/foto/241527782457WIATT/782457WIATTsyp-14.jpg,http://cdn.orderlink.it/foto/241527782457WIATT/782457WIATTeej-16.jpg,ALEXANDER MCQUEEN,241527LSV000007-9061,Spring - Summer,2024,782457 WIATT,9061,Nero,WHITE BLACK,Italy,100% calf leather,'Tread Slick Graffiti' Ankle Boots,"Tread Slick ankle boots by Alexander McQueen characterized by Fold print and Graffiti logo on the side Lacquered metal eyelets, logo tab on the back and silver-tone printed logo on the tongue. Leather lining, textured rubber sole. Extra laces included.",Man > Shoes > Boots,1,1015.0,44.00%,IT,42,"0,0,0,0,0,0,0,0,1,0,2,0,1,0,2,0,0,0,0,0,0,0,0,0,0,0,0",,,,,,,,"45.0 mm / 1.8""",0,0,700.0,1,241527LSV000007-9061-42
https://www.styleisnow.com/business/sneakers-marni-241418lsn000002-00w01.html,,http://cdn.orderlink.it/foto/241418SNZU002002P2722/SNZU002002P2722uvg-13.jpg,http://cdn.orderlink.it/foto/241418SNZU002002P2722/SNZU002002P2722xkq-14.jpg,http://cdn.orderlink.it/foto/241418SNZU002002P2722/SNZU002002P2722mkp-16.jpg,MARNI,241418LSN000002-00W01,Spring - Summer,2024,SNZU002002P2722,00W01,Bianco,LILY WHITE,Italy,100% calf leather,Leather Pablo Sneakers,"Marni leather Pablo sneakers featuring silver-tone metal eyelets, logoed fabric insert on tongue and rubber-covered toe. Leather lining, chunky rubber sole, contrasting logo at back. Spare laces included.",Man > Shoes > Sneakers,1,755.0,47.00%,IT,44,"0,0,0,0,0,0,0,0,0,0,1,0,0,0,0,0,0,0,0,0,0,0,0,0,0,0,0",,,,,,,,"35.0 mm / 1.4""",0,8050267407069,520.0,0,241418LSN000002-00W01-44
https://www.styleisnow.com/business/sneakers-veja-241773nsn000018-bkwhd.html,,http://cdn.orderlink.it/foto/241773XD0203638A/XD0203638Aaup-13.jpg,http://cdn.orderlink.it/foto/241773XD0203638A/XD0203638Agfv-14.jpg,http://cdn.orderlink.it/foto/241773XD0203638A/XD0203638Atef-16.jpg,VEJA,241773NSN000018-BKWHD,Spring - Summer,2024,XD0203638A,BKWHD,Nero,BLACK WHITE DUNE,Brazil,100% leather,Leather V-12 Sneakers,"Veja V-12 sneakers in smooth leather, characterized by the side contrasting rubber V monograms. Logo print on the heel tab, debossed logo on the tongue, debossed ""V-12"" on the side, interior in eco-sustainable fabric with removable insole, natural rubber sole from the Amazon Forest.",Woman > Shoes > Sneakers,1,205.0,42.00%,IT,36,"0,0,0,0,3,0,7,0,7,0,8,0,2,0,0,0,0,0,0,0,0,0,0,0,0,0,0,0",,,,,,,,"30.0 mm / 1.2""",0,3611820873728,140.0,3,241773NSN000018-BKWHD-36
https://www.styleisnow.com/business/sneakers-veja-241773nsn000018-bkwhd.html,,http://cdn.orderlink.it/foto/241773XD0203638A/XD0203638Aaup-13.jpg,http://cdn.orderlink.it/foto/241773XD0203638A/XD0203638Agfv-14.jpg,http://cdn.orderlink.it/foto/241773XD0203638A/XD0203638Atef-16.jpg,VEJA,241773NSN000018-BKWHD,Spring - Summer,2024,XD0203638A,BKWHD,Nero,BLACK WHITE DUNE,Brazil,100% leather,Leather V-12 Sneakers,"Veja V-12 sneakers in smooth leather, characterized by the side contrasting rubber V monograms. Logo print on the heel tab, debossed logo on the tongue, debossed ""V-12"" on the side, interior in eco-sustainable fabric with removable insole, natural rubber sole from the Amazon Forest.",Woman > Shoes > Sneakers,2,205.0,42.00%,IT,37,"0,0,0,0,3,0,7,0,7,0,8,0,2,0,0,0,0,0,0,0,0,0,0,0,0,0,0,0",,,,,,,,"30.0 mm / 1.2""",0,3611820873735,140.0,7,241773NSN000018-BKWHD-37
https://www.styleisnow.com/business/sneakers-veja-241773nsn000018-bkwhd.html,,http://cdn.orderlink.it/foto/241773XD0203638A/XD0203638Aaup-13.jpg,http://cdn.orderlink.it/foto/241773XD0203638A/XD0203638Agfv-14.jpg,http://cdn.orderlink.it/foto/241773XD0203638A/XD0203638Atef-16.jpg,VEJA,241773NSN000018-BKWHD,Spring - Summer,2024,XD0203638A,BKWHD,Nero,BLACK WHITE DUNE,Brazil,100% leather,Leather V-12 Sneakers,"Veja V-12 sneakers in smooth leather, characterized by the side contrasting rubber V monograms. Logo print on the heel tab, debossed logo on the tongue, debossed ""V-12"" on the side, interior in eco-sustainable fabric with removable insole, natural rubber sole from the Amazon Forest.",Woman > Shoes > Sneakers,6,205.0,42.00%,IT,38,"0,0,0,0,3,0,7,0,7,0,8,0,2,0,0,0,0,0,0,0,0,0,0,0,0,0,0,0",,,,,,,,"30.0 mm / 1.2""",0,3611820873742,140.0,7,241773NSN000018-BKWHD-38
https://www.styleisnow.com/business/sneakers-veja-241773nsn000018-bkwhd.html,,http://cdn.orderlink.it/foto/241773XD0203638A/XD0203638Aaup-13.jpg,http://cdn.orderlink.it/foto/241773XD0203638A/XD0203638Agfv-14.jpg,http://cdn.orderlink.it/foto/241773XD0203638A/XD0203638Atef-16.jpg,VEJA,241773NSN000018-BKWHD,Spring - Summer,2024,XD0203638A,BKWHD,Nero,BLACK WHITE DUNE,Brazil,100% leather,Leather V-12 Sneakers,"Veja V-12 sneakers in smooth leather, characterized by the side contrasting rubber V monograms. Logo print on the heel tab, debossed logo on the tongue, debossed ""V-12"" on the side, interior in eco-sustainable fabric with removable insole, natural rubber sole from the Amazon Forest.",Woman > Shoes > Sneakers,6,205.0,42.00%,IT,39,"0,0,0,0,3,0,7,0,7,0,8,0,2,0,0,0,0,0,0,0,0,0,0,0,0,0,0,0",,,,,,,,"30.0 mm / 1.2""",0,3611820873759,140.0,8,241773NSN000018-BKWHD-39
https://www.styleisnow.com/business/sneakers-veja-241773nsn000018-bkwhd.html,,http://cdn.orderlink.it/foto/241773XD0203638A/XD0203638Aaup-13.jpg,http://cdn.orderlink.it/foto/241773XD0203638A/XD0203638Agfv-14.jpg,http://cdn.orderlink.it/foto/241773XD0203638A/XD0203638Atef-16.jpg,VEJA,241773NSN000018-BKWHD,Spring - Summer,2024,XD0203638A,BKWHD,Nero,BLACK WHITE DUNE,Brazil,100% leather,Leather V-12 Sneakers,"Veja V-12 sneakers in smooth leather, characterized by the side contrasting rubber V monograms. Logo print on the heel tab, debossed logo on the tongue, debossed ""V-12"" on the side, interior in eco-sustainable fabric with removable insole, natural rubber sole from the Amazon Forest.",Woman > Shoes > Sneakers,7,205.0,42.00%,IT,40,"0,0,0,0,3,0,7,0,7,0,8,0,2,0,0,0,0,0,0,0,0,0,0,0,0,0,0,0",,,,,,,,"30.0 mm / 1.2""",0,3611820873766,140.0,2,241773NSN000018-BKWHD-40
https://www.styleisnow.com/business/sandals-castaner-241652nwe000001-2008.html,,http://cdn.orderlink.it/foto/241652BLAUDELL8ED007/BLAUDELL8ED007wkd-13.jpg,http://cdn.orderlink.it/foto/241652BLAUDELL8ED007/BLAUDELL8ED007wht-14.jpg,http://cdn.orderlink.it/foto/241652BLAUDELL8ED007/BLAUDELL8ED007akm-16.jpg,CASTANER,241652NWE000001-2008,Spring - Summer,2024,BLAUDELL 8ED 007,2008,Marrone,TOSTADO,Spain,100% sheep leather,Blaudell Wed,"Blaudell espadrilles by Casta&ntilde er with criss-cross straps and an adjustable ankle strap in suede leather. Rounded toe, smooth leather insole, woven rope wedge and vulcanized rubber sole.",Woman > Shoes > Sandals,1,200.0,48.00%,IT,37,"0,0,0,0,0,0,3,0,2,0,4,0,0,0,1,0,0,0,0,0,0,0,0,0,0,0,0,0",,,,,,,,"110.0 mm / 4.3""",3 cm,8434483513436,140.0,3,241652NWE000001-2008-37
https://www.styleisnow.com/business/sandals-castaner-241652nwe000001-2008.html,,http://cdn.orderlink.it/foto/241652BLAUDELL8ED007/BLAUDELL8ED007wkd-13.jpg,http://cdn.orderlink.it/foto/241652BLAUDELL8ED007/BLAUDELL8ED007wht-14.jpg,http://cdn.orderlink.it/foto/241652BLAUDELL8ED007/BLAUDELL8ED007akm-16.jpg,CASTANER,241652NWE000001-2008,Spring - Summer,2024,BLAUDELL 8ED 007,2008,Marrone,TOSTADO,Spain,100% sheep leather,Blaudell Wed,"Blaudell espadrilles by Casta&ntilde er with criss-cross straps and an adjustable ankle strap in suede leather. Rounded toe, smooth leather insole, woven rope wedge and vulcanized rubber sole.",Woman > Shoes > Sandals,4,200.0,48.00%,IT,39,"0,0,0,0,0,0,3,0,2,0,4,0,0,0,1,0,0,0,0,0,0,0,0,0,0,0,0,0",,,,,,,,"110.0 mm / 4.3""",3 cm,8434483513450,140.0,4,241652NWE000001-2008-39
https://www.styleisnow.com/business/wallets-paul-smith-241402fpg000001-79.html,,http://cdn.orderlink.it/foto/241402M1A4832BMULTI/M1A4832BMULTInlj-13.jpg,http://cdn.orderlink.it/foto/241402M1A4832BMULTI/M1A4832BMULTIgmt-14.jpg,http://cdn.orderlink.it/foto/241402M1A4832BMULTI/M1A4832BMULTIbez-15.jpg,PAUL SMITH,241402FPG000001-79,Spring - Summer,2024,M1A 4832 BMULTI,79,Nero,BLACK,Italy,50% calf leather 50% lamb leather,Signature Stripe Bifold Wallet,"Paul Smith leather bi-fold wallet with gold-printed logo on the front. Fabric lining with ""Signature Stripe"" multicolor print, bill compartment, two card pockets, eight credit card slots.",Man > Accessories > Wallets and small leather goods > Wallets,3,265.0,48.00%,-,os,10,,,0,0,"10,5 cm",9 cm,2 cm,0,,5059553000246,180.0,10,241402FPG000001-79-os
https://www.styleisnow.com/business/sweatshirts-polo-ralph-lauren-241696dfe000008-chtbl.html,http://cdn.orderlink.it/foto/241696211935600002/211935600002wzx-20.jpg,http://cdn.orderlink.it/foto/241696211935600002/211935600002wpx-13.jpg,http://cdn.orderlink.it/foto/241696211935600002/211935600002dkh-14.jpg,http://cdn.orderlink.it/foto/241696211935600002/211935600002vgi-15.jpg,POLO RALPH LAUREN,241696DFE000008-CHTBL,Spring - Summer,2024,211935600002,CHTBL,Blu,CHARTER BLUE,Guatemala,84%CO 16%PL,Hooded Sweatshirt With Flag Print,"This relaxed fit Polo Ralph Lauren sweatshirt features dropped shoulders and is made from a soft cotton blend jersey. It has a printed flag on the chest, an adjustable drawstring hood, a front kangaroo pocket, and ribbed cuffs and hem. The model is 177 cm tall and is wearing a size XS.",Woman > Clothing > Tops and Sweatshirts > Sweatshirts,10,255.0,48.00%,-,m,"3,0,4,0,4,0,0,0,0",,,,,,,,0,,3616536428729,180.0,0,241696DFE000008-CHTBL-m
https://www.styleisnow.com/business/leather-jackets-acne-studios-241895dgc000004-900.html,http://cdn.orderlink.it/foto/241895A70171/A70171mwj-20.jpg,http://cdn.orderlink.it/foto/241895A70171/A70171yfv-13.jpg,http://cdn.orderlink.it/foto/241895A70171/A70171arh-14.jpg,http://cdn.orderlink.it/foto/241895A70171/A70171qjb-15.jpg,ACNE STUDIOS,241895DGC000004-900,Fall - Winter,2024,A70171,900,Nero,BLACK,Turkey,100%cow leather,Aged Leather Bomber Jacket With Distressed Treatment,"Acne Studios' padded bomber jacket features a short and boxy cut. Made of pigmented and aged leather, it has a round neck, ribbed knit cuffs and hem, front zip closure, flap pockets on the sides, a zip pocket on the chest, and a logo print on the left arm. Fully lined, it also has two additional inner pockets. The model is 177 cm tall and wears size EU 36.",Woman > Clothing > Jackets and Blazers > Leather jackets,1,2695.0,40.00%,EU,38,"0,0,0,1,1,0,0,0,0",,,,,,,,0,,0,1860.0,1,241895DGC000004-900-38
https://www.styleisnow.com/business/mules-ugg-241357ncx000007-blk.html,,http://cdn.orderlink.it/foto/2413575125/5125xrd-13.jpg,http://cdn.orderlink.it/foto/2413575125/5125ilg-14.jpg,http://cdn.orderlink.it/foto/2413575125/5125krg-16.jpg,UGG,241357NCX000007-BLK,Spring - Summer,2024,5125,BLK,Nero,BLACK,Vietnam,"100% shearling, 100% cow leather",Flirty Slide Sand,"The Coquette Slides by UGG are made of sheepskin with a suede leather upper and SugarSole™ sole. These slides offer both comfort and style, perfect for any occasion. The soft sheepskin lining provides warmth and coziness while the suede leather adds a touch of elegance. The SugarSole™ sole ensures durability and traction, making these slides suitable for indoor and outdoor wear. With their versatile design and high-quality materials, the Coquette Slides are a must-have addition to",Woman > Shoes > Mules,2,165.0,47.00%,IT,38,"0,0,0,0,1,0,3,0,0,0,2,0,0,0,0,0,0,0,0,0,0,0,0,0,0,0,0,0",,,,,,,,"20.0 mm / 0.8""",0,737045765426,120.0,0,241357NCX000007-BLK-38
https://www.styleisnow.com/business/sweatshirts-a-p-c-241633dfe000001-pla.html,http://cdn.orderlink.it/foto/211633COECQF27644/COECQF27644rfg-20.jpg,http://cdn.orderlink.it/foto/211633COECQF27644/COECQF27644plz-13.jpg,http://cdn.orderlink.it/foto/211633COECQF27644/COECQF27644zbh-14.jpg,http://cdn.orderlink.it/foto/211633COECQF27644/COECQF27644kzu-15.jpg,A.P.C.,241633DFE000001-PLA,Spring - Summer,2024,COFAX F27644,PLA,Grigio,GRIS CHINE,Turkey,100% CO,Sweatshirt Logo,"A.P.C. crew-neck sweatshirt in loopback cotton jersey with flocked logo on the front. Micro ribbed edges, regular fit. The model is 177 cm tall and wears a size XS.",Woman > Clothing > Tops and Sweatshirts > Sweatshirts,1,245.0,48.00%,-,s,"4,5,7,0,4,0,0,0,0",,,,,,,,0,,3613061221320,170.0,7,241633DFE000001-PLA-s
https://www.styleisnow.com/business/sneakers-axel-arigato-242762nsn000017-a0004.html,,http://cdn.orderlink.it/foto/24276293036/93036xfo-13.jpg,http://cdn.orderlink.it/foto/24276293036/93036xts-14.jpg,http://cdn.orderlink.it/foto/24276293036/93036kkl-16.jpg,AXEL ARIGATO,242762NSN000017-A0004,Fall - Winter,2024,93036,A0004,Grigio,WHITE SILVER,Portugal,60%leather 40%PL,Marathon Runner Sneakers,"The Axel Arigato Marathon Runner sneakers feature a panelled upper made of LWG certified leather and mesh protected by PU transfer. They also have reflective ribbon details, a TPU logo patch on the tongue, side lettering logo, fabric lining with removable insole, and a thick thermoplastic rubber sole.",Woman > Shoes > Sneakers,1,370.0,30.00%,IT,39,"0,0,0,0,0,0,0,0,1,0,0,0,0,0,0,0,0,0,0,0,0,0,0,0,0,0,0,0",,,,,,,,"40.0 mm / 1.6""",0,7330087256407,260.0,0,242762NSN000017-A0004-39
https://www.styleisnow.com/business/sandals-jimmy-choo-242516nsd000015-a0005.html,,http://cdn.orderlink.it/foto/242516SAEDASANDAL100EWA/SAEDASANDAL100EWAgqh-13.jpg,http://cdn.orderlink.it/foto/242516SAEDASANDAL100EWA/SAEDASANDAL100EWAavg-14.jpg,http://cdn.orderlink.it/foto/242516SAEDASANDAL100EWA/SAEDASANDAL100EWAwfj-16.jpg,JIMMY CHOO,242516NSD000015-A0005,Fall - Winter,2024,SAEDA SANDAL 100 EWA,A0005,Nero,BLACK CRYSTAL,Italy,100% goat leather,Saeda 100 Suede Leather Sand,The Saeda sandals by Jimmy Choo are made of suede leather with a sculpted upper and feature a crystal strap with a drop charm. They have a leather insole and a leather sole.,Woman > Shoes > Sandals,1,1185.0,28.00%,IT,40,"0,0,0,0,0,0,2,0,2,0,2,0,1,0,1,0,0,0,0,0,0,0,0,0,0,0,0,0",,,,,,,,"100.0 mm / 3.9""",0,196176658753,820.0,1,242516NSD000015-A0005-40
https://www.styleisnow.com/business/loafers-tod-s-242727nmo000001-c016.html,,http://cdn.orderlink.it/foto/241727XXW52K0IH00N6M/XXW52K0IH00N6Mzqj-13.jpg,http://cdn.orderlink.it/foto/241727XXW52K0IH00N6M/XXW52K0IH00N6Mhkm-14.jpg,http://cdn.orderlink.it/foto/241727XXW52K0IH00N6M/XXW52K0IH00N6Mlam-16.jpg,TOD'S,242727NMO000001-C016,Fall - Winter,2024,XXW52K0IH00N6M,C016,Bianco,MOUSSE,Italy,100% calfskin,Gommino Bubble Kate Loafers,"Tod's Gommino Bubble loafers made of smooth leather with tone-on-tone leather chain decoration. Topstitched tray, leather interior and iconic grommets on the sole and heel.",Woman > Shoes > Loafers,1,755.0,35.00%,IT,36,"0,0,0,0,0,0,0,0,1,0,2,0,1,0,0,0,0,0,0,0,0,0,0,0,0,0,0,0",,,,,,,,0,0,0,520.0,0,242727NMO000001-C016-36
https://www.styleisnow.com/business/shirts-zimmermann-242813dcw000006-mwf.html,http://cdn.orderlink.it/foto/2428131348TSS241/1348TSS241lje-20.jpg,http://cdn.orderlink.it/foto/2428131348TSS241/1348TSS241bip-13.jpg,http://cdn.orderlink.it/foto/2428131348TSS241/1348TSS241lqj-14.jpg,http://cdn.orderlink.it/foto/2428131348TSS241/1348TSS241qqs-15.jpg,ZIMMERMANN,242813DCW000006-MWF,Fall - Winter,2024,1348TSS241,MWF,Multicolor,MULTI WATERCOLOUR FLORAL,China,100%CO,Halliday Lace-Trimmed Shirt,"Crafted in cotton voile, this shirt showcases a watercolor floral print and all-over lace finishes, distinctive elements of Zimmermann's aesthetic. The billowy sleeves with elasticized cuffs add to the overall look. The mandarin collar and crochet-covered buttons complete the piece with a refined touch. Regular fit. Model is 177 cm tall and wears size 0.",Woman > Clothing > Shirts and Blouses > Shirts,1,800.0,38.00%,NUMERIC,1,"0,0,1,0,3,0,0,0,0",,,,,,,,0,,0,550.0,0,242813DCW000006-MWF-1
https://www.styleisnow.com/business/ballet-flats-ganni-242671nfl000001-436.html,,http://cdn.orderlink.it/foto/242671S2818/S2818biu-13.jpg,http://cdn.orderlink.it/foto/242671S2818/S2818jtx-14.jpg,http://cdn.orderlink.it/foto/242671S2818/S2818qyu-16.jpg,GANNI,242671NFL000001-436,Fall - Winter,2024,S2818,436,Marrone,BURGUNDY,Portugal,51% rec PL 49% PL,Slingback Flats,"Ganni's slingback ballerinas are made of shiny eco-leather and feature large adjustable silver metal buckles. The pointed design has a square heel, faux leather insole, and rubber sole.",Woman > Shoes > Flats > Ballet flats,1,415.0,35.00%,IT,40,"0,0,0,0,0,0,0,0,0,0,0,0,1,0,0,0,0,0,0,0,0,0,0,0,0,0,0,0",,,,,,,,"20.0 mm / 0.8""",0,0,290.0,1,242671NFL000001-436-40
https://www.styleisnow.com/business/sneakers-veja-242773lsn000010-exwcy.html,,http://cdn.orderlink.it/foto/221773XD0202336/XD0202336nla-13.jpg,http://cdn.orderlink.it/foto/221773XD0202336/XD0202336hgp-14.jpg,http://cdn.orderlink.it/foto/221773XD0202336/XD0202336uda-16.jpg,VEJA,242773LSN000010-EXWCY,Fall - Winter,2024,XD0202336B,EXWCY,Bianco,EXTRA WHITE CYPRUS,Brazil,100% LH,V-12 Leather Sneakers,"Veja V-12 sneakers crafted in smooth leather with side V monograms and heel tab in contrasting suede leather. Contrasting logo print on the heel tab, debossed logo on the tongue, ""V-12"" debossed on the side, interior in eco-sustainable fabric, natural rubber sole from the Amazon Forest.",Man > Shoes > Sneakers,4,205.0,30.00%,IT,40,"0,0,0,0,0,0,0,0,5,0,12,0,13,0,13,0,13,0,4,0,0,0,0,0,0,0,0",,,,,,,,"30.0 mm / 1.2""",0,0,140.0,5,242773LSN000010-EXWCY-40
https://www.styleisnow.com/business/sneakers-veja-242773lsn000010-exwcy.html,,http://cdn.orderlink.it/foto/221773XD0202336/XD0202336nla-13.jpg,http://cdn.orderlink.it/foto/221773XD0202336/XD0202336hgp-14.jpg,http://cdn.orderlink.it/foto/221773XD0202336/XD0202336uda-16.jpg,VEJA,242773LSN000010-EXWCY,Fall - Winter,2024,XD0202336B,EXWCY,Bianco,EXTRA WHITE CYPRUS,Brazil,100% LH,V-12 Leather Sneakers,"Veja V-12 sneakers crafted in smooth leather with side V monograms and heel tab in contrasting suede leather. Contrasting logo print on the heel tab, debossed logo on the tongue, ""V-12"" debossed on the side, interior in eco-sustainable fabric, natural rubber sole from the Amazon Forest.",Man > Shoes > Sneakers,11,205.0,30.00%,IT,41,"0,0,0,0,0,0,0,0,5,0,12,0,13,0,13,0,13,0,4,0,0,0,0,0,0,0,0",,,,,,,,"30.0 mm / 1.2""",0,0,140.0,12,242773LSN000010-EXWCY-41
https://www.styleisnow.com/business/sneakers-veja-242773lsn000010-exwcy.html,,http://cdn.orderlink.it/foto/221773XD0202336/XD0202336nla-13.jpg,http://cdn.orderlink.it/foto/221773XD0202336/XD0202336hgp-14.jpg,http://cdn.orderlink.it/foto/221773XD0202336/XD0202336uda-16.jpg,VEJA,242773LSN000010-EXWCY,Fall - Winter,2024,XD0202336B,EXWCY,Bianco,EXTRA WHITE CYPRUS,Brazil,100% LH,V-12 Leather Sneakers,"Veja V-12 sneakers crafted in smooth leather with side V monograms and heel tab in contrasting suede leather. Contrasting logo print on the heel tab, debossed logo on the tongue, ""V-12"" debossed on the side, interior in eco-sustainable fabric, natural rubber sole from the Amazon Forest.",Man > Shoes > Sneakers,12,205.0,30.00%,IT,42,"0,0,0,0,0,0,0,0,5,0,12,0,13,0,13,0,13,0,4,0,0,0,0,0,0,0,0",,,,,,,,"30.0 mm / 1.2""",0,0,140.0,13,242773LSN000010-EXWCY-42
https://www.styleisnow.com/business/sneakers-veja-242773lsn000010-exwcy.html,,http://cdn.orderlink.it/foto/221773XD0202336/XD0202336nla-13.jpg,http://cdn.orderlink.it/foto/221773XD0202336/XD0202336hgp-14.jpg,http://cdn.orderlink.it/foto/221773XD0202336/XD0202336uda-16.jpg,VEJA,242773LSN000010-EXWCY,Fall - Winter,2024,XD0202336B,EXWCY,Bianco,EXTRA WHITE CYPRUS,Brazil,100% LH,V-12 Leather Sneakers,"Veja V-12 sneakers crafted in smooth leather with side V monograms and heel tab in contrasting suede leather. Contrasting logo print on the heel tab, debossed logo on the tongue, ""V-12"" debossed on the side, interior in eco-sustainable fabric, natural rubber sole from the Amazon Forest.",Man > Shoes > Sneakers,12,205.0,30.00%,IT,43,"0,0,0,0,0,0,0,0,5,0,12,0,13,0,13,0,13,0,4,0,0,0,0,0,0,0,0",,,,,,,,"30.0 mm / 1.2""",0,0,140.0,13,242773LSN000010-EXWCY-43
https://www.styleisnow.com/business/sneakers-veja-242773lsn000010-exwcy.html,,http://cdn.orderlink.it/foto/221773XD0202336/XD0202336nla-13.jpg,http://cdn.orderlink.it/foto/221773XD0202336/XD0202336hgp-14.jpg,http://cdn.orderlink.it/foto/221773XD0202336/XD0202336uda-16.jpg,VEJA,242773LSN000010-EXWCY,Fall - Winter,2024,XD0202336B,EXWCY,Bianco,EXTRA WHITE CYPRUS,Brazil,100% LH,V-12 Leather Sneakers,"Veja V-12 sneakers crafted in smooth leather with side V monograms and heel tab in contrasting suede leather. Contrasting logo print on the heel tab, debossed logo on the tongue, ""V-12"" debossed on the side, interior in eco-sustainable fabric, natural rubber sole from the Amazon Forest.",Man > Shoes > Sneakers,12,205.0,30.00%,IT,44,"0,0,0,0,0,0,0,0,5,0,12,0,13,0,13,0,13,0,4,0,0,0,0,0,0,0,0",,,,,,,,"30.0 mm / 1.2""",0,0,140.0,13,242773LSN000010-EXWCY-44
https://www.styleisnow.com/business/sneakers-veja-242773lsn000010-exwcy.html,,http://cdn.orderlink.it/foto/221773XD0202336/XD0202336nla-13.jpg,http://cdn.orderlink.it/foto/221773XD0202336/XD0202336hgp-14.jpg,http://cdn.orderlink.it/foto/221773XD0202336/XD0202336uda-16.jpg,VEJA,242773LSN000010-EXWCY,Fall - Winter,2024,XD0202336B,EXWCY,Bianco,EXTRA WHITE CYPRUS,Brazil,100% LH,V-12 Leather Sneakers,"Veja V-12 sneakers crafted in smooth leather with side V monograms and heel tab in contrasting suede leather. Contrasting logo print on the heel tab, debossed logo on the tongue, ""V-12"" debossed on the side, interior in eco-sustainable fabric, natural rubber sole from the Amazon Forest.",Man > Shoes > Sneakers,3,205.0,30.00%,IT,45,"0,0,0,0,0,0,0,0,5,0,12,0,13,0,13,0,13,0,4,0,0,0,0,0,0,0,0",,,,,,,,"30.0 mm / 1.2""",0,0,140.0,4,242773LSN000010-EXWCY-45
https://www.styleisnow.com/business/sandals-roger-vivier-242123nsd000001-c019.html,,http://cdn.orderlink.it/foto/241123RVW45818820BSS/RVW45818820BSSfie-13.jpg,http://cdn.orderlink.it/foto/241123RVW45818820BSS/RVW45818820BSShgx-14.jpg,http://cdn.orderlink.it/foto/241123RVW45818820BSS/RVW45818820BSStnk-16.jpg,ROGER VIVIER,242123NSD000001-C019,Fall - Winter,2024,RVW45818820BSS,C019,Neutro,CIRE',Italy,100% calfskin,"""Leather Slidy Viv' Slides With Str","The Slidy Viv' slides by Roger Vivier are made of smooth leather and embellished with the iconic Strass Buckle on the straps, one of which is adjustable. They feature a laminated lining, an anatomical suede leather insole, and a serrated rubber sole.",Woman > Shoes > Sandals,2,1540.0,25.00%,IT,39,"0,0,0,0,0,0,0,0,0,0,1,0,0,0,0,0,0,0,0,0,0,0,0,0,0,0,0,0",,,,,,,,0,0,0,1060.0,1,242123NSD000001-C019-39
https://www.styleisnow.com/business/cardigans-ganni-242671dcd000002-177.html,http://cdn.orderlink.it/foto/242671K2235/K2235dre-20.jpg,http://cdn.orderlink.it/foto/242671K2235/K2235rit-13.jpg,http://cdn.orderlink.it/foto/242671K2235/K2235afi-14.jpg,http://cdn.orderlink.it/foto/242671K2235/K2235vfd-15.jpg,GANNI,242671DCD000002-177,Fall - Winter,2024,K2235,177,Beige,TIGER'S EYE,China,32%WP 32%WE 30%PA 6%EA,Soft Striped Cardigan With Fluffy,"Featuring a horizontal striped pattern in shades of beige, white, and black, this fitted cardigan is made from an incredibly soft stretch yarn blend of merino wool and alpaca for a warm and comfortable feel. The design boasts a simple V-neckline and ribbed edges. The monogrammed gold buttons add an elegant touch to this versatile piece, finished with embroidered Ganni lettering at the hem. The model is 177 cm tall and wears size XS.",Woman > Clothing > Knitwear > Cardigans,1,415.0,35.00%,-,s,"0,2,1,0,1,0,0,0,0",,,,,,,,0,,0,290.0,1,242671DCD000002-177-s
https://www.styleisnow.com/business/midi-lemaire-242898dab000005-bg246.html,http://cdn.orderlink.it/foto/241898DR1047LJ1019/DR1047LJ1019xwl-20.jpg,http://cdn.orderlink.it/foto/241898DR1047LJ1019/DR1047LJ1019knh-13.jpg,http://cdn.orderlink.it/foto/241898DR1047LJ1019/DR1047LJ1019mtf-14.jpg,http://cdn.orderlink.it/foto/241898DR1047LJ1019/DR1047LJ1019ycj-15.jpg,LEMAIRE,242898DAB000005-BG246,Fall - Winter,2024,DR1047 LJ1019,BG246,Beige,SOFT SAND,Portugal,100%CO,Twisted Midi Dress,"This LEMAIRE sleeveless dress features a fitted silhouette with a round neckline and calf-length hem. Made from pure cotton crepe jersey, it has a twisted design that creates draping at the waist and bottom. The model is 177 cm tall and wears a size XS.",Woman > Clothing > Dresses > Midi,3,500.0,30.00%,-,m,"0,2,8,0,7,0,0,0,0",,,,,,,,0,,0,350.0,2,242898DAB000005-BG246-m
https://www.styleisnow.com/business/shirts-self-portrait-242632dto000004-a0003.html,http://cdn.orderlink.it/foto/242632PF24036TBG/PF24036TBGfhp-20.jpg,http://cdn.orderlink.it/foto/242632PF24036TBG/PF24036TBGjpy-13.jpg,http://cdn.orderlink.it/foto/242632PF24036TBG/PF24036TBGnug-14.jpg,http://cdn.orderlink.it/foto/242632PF24036TBG/PF24036TBGowl-15.jpg,SELF-PORTRAIT,242632DTO000004-A0003,Fall - Winter,2024,PF24 036T BG,A0003,Beige,BEIGE,China,100%CO,'Cropped Shirt With Crystals',"This cropped shirt from Self-Portrait is made of pure cotton poplin and features a front adorned with applied crystals. It has a classic collar, hidden button closure, and two-button cuffs. The regular fit is completed by an elasticized hem and pleats on the sleeves. The model is 177 cm tall and wears a UK size 6.",Woman > Clothing > Shirts and Blouses > Shirts,1,405.0,32.00%,UK,6,"0,0,1,1,2,0,0,0,0,0",,,,,,,,0,,0,280.0,1,242632DTO000004-A0003-6
https://www.styleisnow.com/business/mini-self-portrait-242632dgn000001-a0003.html,http://cdn.orderlink.it/foto/242632PF24036SKBG/PF24036SKBGjcq-20.jpg,http://cdn.orderlink.it/foto/242632PF24036SKBG/PF24036SKBGztg-13.jpg,http://cdn.orderlink.it/foto/242632PF24036SKBG/PF24036SKBGhzf-14.jpg,http://cdn.orderlink.it/foto/242632PF24036SKBG/PF24036SKBGdkz-15.jpg,SELF-PORTRAIT,242632DGN000001-A0003,Fall - Winter,2024,PF24 036SK BG,A0003,Beige,BEIGE,China,100%CO,'Poplin Mini Skirt With Crystal,"This Self-Portrait mini skirt is made of pure cotton poplin and features a flared silhouette enhanced by a ruffled hem and gathered waist, adorned with crystals on the front. It has a side invisible zip closure, pockets on the sides, and small flap pockets at the waist. The model is 177 cm tall and wears a UK size 6.",Woman > Clothing > Skirts > Mini,1,405.0,32.00%,UK,6,"0,0,1,1,2,0,0,0,0,0",,,,,,,,0,,0,280.0,1,242632DGN000001-A0003-6
https://www.styleisnow.com/business/sneakers-off-white-242411lsn000008-0109.html,,http://cdn.orderlink.it/foto/242411OMIA227F24LEA001/OMIA227F24LEA001inr-13.jpg,http://cdn.orderlink.it/foto/242411OMIA227F24LEA001/OMIA227F24LEA001yrh-14.jpg,http://cdn.orderlink.it/foto/242411OMIA227F24LEA001/OMIA227F24LEA001cyf-16.jpg,OFF-WHITE,242411LSN000008-0109,Fall - Winter,2024,OMIA227F24LEA001,0109,Bianco,WHITE - GREY,Italy,49% leather 41% CO 10% PA,Sneakers,"Off-White's 5.0 sneakers feature a canvas and cotton blend upper with smooth leather and suede inserts. They have a front lace-up closure with the iconic removable leather Zip Tie, logo lettering on the tongue, and a leather and sponge interior with a removable insole. The contrasting laminated leather spoiler and rubber sole add a touch of style to these shoes.",Man > Shoes > Sneakers,1,580.0,30.00%,IT,42,"0,0,0,0,0,0,0,0,1,0,0,0,2,0,2,0,2,0,0,0,0,0,0,0,0,0,0",,,,,,,,"30.0 mm / 1.2""",0,0,400.0,2,242411LSN000008-0109-42
https://www.styleisnow.com/business/sneakers-off-white-242411lsn000008-0109.html,,http://cdn.orderlink.it/foto/242411OMIA227F24LEA001/OMIA227F24LEA001inr-13.jpg,http://cdn.orderlink.it/foto/242411OMIA227F24LEA001/OMIA227F24LEA001yrh-14.jpg,http://cdn.orderlink.it/foto/242411OMIA227F24LEA001/OMIA227F24LEA001cyf-16.jpg,OFF-WHITE,242411LSN000008-0109,Fall - Winter,2024,OMIA227F24LEA001,0109,Bianco,WHITE - GREY,Italy,49% leather 41% CO 10% PA,Sneakers,"Off-White's 5.0 sneakers feature a canvas and cotton blend upper with smooth leather and suede inserts. They have a front lace-up closure with the iconic removable leather Zip Tie, logo lettering on the tongue, and a leather and sponge interior with a removable insole. The contrasting laminated leather spoiler and rubber sole add a touch of style to these shoes.",Man > Shoes > Sneakers,1,580.0,30.00%,IT,43,"0,0,0,0,0,0,0,0,1,0,0,0,2,0,2,0,2,0,0,0,0,0,0,0,0,0,0",,,,,,,,"30.0 mm / 1.2""",0,0,400.0,2,242411LSN000008-0109-43
https://www.styleisnow.com/business/sneakers-off-white-242411lsn000008-0109.html,,http://cdn.orderlink.it/foto/242411OMIA227F24LEA001/OMIA227F24LEA001inr-13.jpg,http://cdn.orderlink.it/foto/242411OMIA227F24LEA001/OMIA227F24LEA001yrh-14.jpg,http://cdn.orderlink.it/foto/242411OMIA227F24LEA001/OMIA227F24LEA001cyf-16.jpg,OFF-WHITE,242411LSN000008-0109,Fall - Winter,2024,OMIA227F24LEA001,0109,Bianco,WHITE - GREY,Italy,49% leather 41% CO 10% PA,Sneakers,"Off-White's 5.0 sneakers feature a canvas and cotton blend upper with smooth leather and suede inserts. They have a front lace-up closure with the iconic removable leather Zip Tie, logo lettering on the tongue, and a leather and sponge interior with a removable insole. The contrasting laminated leather spoiler and rubber sole add a touch of style to these shoes.",Man > Shoes > Sneakers,1,580.0,30.00%,IT,44,"0,0,0,0,0,0,0,0,1,0,0,0,2,0,2,0,2,0,0,0,0,0,0,0,0,0,0",,,,,,,,"30.0 mm / 1.2""",0,0,400.0,2,242411LSN000008-0109-44
https://www.styleisnow.com/business/sweatshirts-isabel-marant-etoile-242409dfe000001-86lc.html,http://cdn.orderlink.it/foto/242409SW0011FBB3M07E/SW0011FBB3M07Ezew-20.jpg,http://cdn.orderlink.it/foto/242409SW0011FBB3M07E/SW0011FBB3M07Egix-13.jpg,http://cdn.orderlink.it/foto/242409SW0011FBB3M07E/SW0011FBB3M07Ectm-14.jpg,http://cdn.orderlink.it/foto/242409SW0011FBB3M07E/SW0011FBB3M07Ebmg-15.jpg,ISABEL MARANT ETOILE,242409DFE000001-86LC,Fall - Winter,2024,SW0011FB B3M07E,86LC,Viola,LILAC,Portugal,100%CO,'Mobyli' Washed Effect,"This Marant Etoile sweatshirt is made of organic cotton jersey with a unique washed effect. It features a flocked tonal logo on the chest and has a crew neck, ribbed cuffs and hem. The relaxed fit is accentuated by dropped shoulders. The model is 177 cm tall and wears an EU size 34.",Woman > Clothing > Tops and Sweatshirts > Sweatshirts,4,380.0,35.00%,EU,36,"0,0,2,3,4,0,0,0,0",,,,,,,,0,,0,260.0,3,242409DFE000001-86LC-36
https://www.styleisnow.com/business/sandals-birkenstock-242568xsp000030-manth.html,,http://cdn.orderlink.it/foto/2415681001498/1001498jvo-13.jpg,http://cdn.orderlink.it/foto/2415681001498/1001498jwp-14.jpg,http://cdn.orderlink.it/foto/2415681001498/1001498ldv-16.jpg,BIRKENSTOCK,242568XSP000030-MANTH,Fall - Winter,2024,1001498,MANTH,Grigio,METALLIC ANTHRACITE,Germany,100% EVA,Arizona Eva Slides Narrow Fit,Birkenstock Arizona slides entirely crafted in EVA with moulded insole and double adjustable strap with tone-on-tone plastic buckle with debossed logo. Narrow fit.,Woman > Shoes > Sandals,8,70.0,25.00%,UNISEX,37,"0,0,6,0,7,0,10,0,7,0,10,0,5,0,0,0,0,0,0,0,0,0,0,0,0",,,,,,,,0,0,0,50.0,7,242568XSP000030-MANTH-37
https://www.styleisnow.com/business/birkenstock-242568xsp000012-a0010.html,,http://cdn.orderlink.it/foto/2425681027404/1027404lmm-13.jpg,http://cdn.orderlink.it/foto/2425681027404/1027404bsu-14.jpg,http://cdn.orderlink.it/foto/2425681027404/1027404rrv-16.jpg,BIRKENSTOCK,242568XSP000012-A0010,Fall - Winter,2024,1027404,A0010,Verde,SURF GREEN,Germany,100% EVA,Boston Eva Clog,"The BIRKENSTOCK Boston clogs are made of EVA with an adjustable strap and a tone-on-tone engraved buckle. The anatomical footbed features the brand's logo, while the sole is made of rubber. These clogs have a narrow fit for added comfort.",Unisex > Calzature unisex > Mules,2,70.0,25.00%,UNISEX,41,"0,0,3,0,6,0,7,0,8,0,6,0,2,0,0,0,0,0,0,0,0,0,0,0,0",,,,,,,,0,0,0,50.0,2,242568XSP000012-A0010-41
https://www.styleisnow.com/business/sneakers-golden-goose-242571nsn000006-82704.html,,http://cdn.orderlink.it/foto/242571GWF00126F006128/GWF00126F006128wfq-13.jpg,http://cdn.orderlink.it/foto/242571GWF00126F006128/GWF00126F006128mph-14.jpg,http://cdn.orderlink.it/foto/242571GWF00126F006128/GWF00126F006128glq-16.jpg,GOLDEN GOOSE,242571NSN000006-82704,Fall - Winter,2024,GWF00126 F006128,82704,Grigio,ICE/TAUPE/BLACK/BROWN,Italy,57%cow leather 40%PA 2%PU 1%PL,Nylon And Suede Running Sneakers With Durable Sole,"Golden Goose Running Sole sneakers with a used effect, made of ripstop nylon with suede inserts, smooth leather side star and logoed and glittery spoiler. Gold logo print on the side, fabric label on the tongue and closure with initials. Leather and sponge interior with removable insole, rubber sole with contrasting tread.",Woman > Shoes > Sneakers,2,695.0,30.00%,IT,39,"0,0,0,0,1,0,0,0,3,0,1,0,0,0,1,0,0,0,0,0,0,0,0,0,0,0,0,0",,,,,,,,"40.0 mm / 1.6""",0,0,480.0,1,242571NSN000006-82704-39
https://www.styleisnow.com/business/birkenstock-242568xsp000065-stonc.html,,http://cdn.orderlink.it/foto/2425681027592/1027592qdl-13.jpg,http://cdn.orderlink.it/foto/2425681027592/1027592ity-14.jpg,http://cdn.orderlink.it/foto/2425681027592/1027592nlr-16.jpg,BIRKENSTOCK,242568XSP000065-STONC,Fall - Winter,2024,1027592,STONC,Grigio,STONE COIN,Germany,100% EVA,Arizona Eva Slides Narrow Fit,Birkenstock Arizona slides entirely crafted in EVA with moulded insole and double adjustable strap with tone-on-tone plastic buckle with debossed logo. Narrow fit.,Unisex > Calzature unisex > Mules,1,70.0,25.00%,UNISEX,37,"0,0,0,0,1,0,2,0,1,0,2,0,1,0,0,0,0,0,0,0,0,0,0,0,0",,,,,,,,0,0,0,50.0,1,242568XSP000065-STONC-37
https://www.styleisnow.com/business/chelsea-boots-gianvito-rossi-242530nsv000001-nero.html,,http://cdn.orderlink.it/foto/242530G7346220GOMCLN/G7346220GOMCLNznn-13.jpg,http://cdn.orderlink.it/foto/242530G7346220GOMCLN/G7346220GOMCLNshb-14.jpg,http://cdn.orderlink.it/foto/242530G7346220GOMCLN/G7346220GOMCLNqgj-16.jpg,GIANVITO ROSSI,242530NSV000001-NERO,Fall - Winter,2024,G73462 20GOM CLN,NERO,Nero,BLACK,Italy,100% leather,Chester Chelsea Boots,"Chester boots by Gianvito Rossi crafted in smooth leather with side elastic inserts and grosgrain pull tab at front and back. Leather interior, rubber lug sole.",Woman > Shoes > Boots and booties > Chelsea boots,2,1270.0,35.00%,IT,39,"0,0,0,0,1,0,1,0,2,0,1,0,1,0,1,0,0,0,0,0,0,0,0,0,0,0,0,0",,,,,,,,"45.0 mm / 1.8""",0,0,880.0,1,242530NSV000001-NERO-39
https://www.styleisnow.com/business/sweatshirts-diesel-242172ufe000003-9xxv.html,http://cdn.orderlink.it/foto/242172A152670TJAZ/A152670TJAZrvd-20.jpg,http://cdn.orderlink.it/foto/242172A152670TJAZ/A152670TJAZpvm-13.jpg,http://cdn.orderlink.it/foto/242172A152670TJAZ/A152670TJAZzpx-14.jpg,http://cdn.orderlink.it/foto/242172A152670TJAZ/A152670TJAZvwy-15.jpg,DIESEL,242172UFE000003-9XXV,Fall - Winter,2024,A15267 0TJAZ,9XXV,Nero,BLACK,China,100% CO,S-Boxt-Hood-Q,This Diesel hoodie is made of pure cotton jersey with a faded effect for a lived-in look. It has a soft fit and features the iconic multilayer rubber Oval D logo. It also has a kangaroo pocket and ribbed edges. The model is 187 cm tall and wears size L.,Man > Clothing > T-Shirts and Sweatshirts > Sweatshirts,2,250.0,40.00%,-,l,"2,2,1,2,0,0,0,0,0,0,0,0",,,,,,,,0,,0,170.0,2,242172UFE000003-9XXV-l
https://www.styleisnow.com/business/polo-shirts-boss-242249upl000009-100.html,http://cdn.orderlink.it/foto/24224950507699/50507699bfa-20.jpg,http://cdn.orderlink.it/foto/24224950507699/50507699vfs-13.jpg,http://cdn.orderlink.it/foto/24224950507699/50507699hot-14.jpg,http://cdn.orderlink.it/foto/24224950507699/50507699zyc-15.jpg,BOSS,242249UPL000009-100,Fall - Winter,2024,50507699,100,Bianco,WHITE,Turkey,95% CO 5% EA,Slim Fit Piqué Polo Shirt With Tipped,"This short-sleeved Boss polo is made of lightweight stretch cotton piqu&eacute  and features a two-button closure. It has a contrasting ribbed collar and sleeve cuffs, as well as a tonal logo applique on the chest. The slim fit design is modeled by someone who is 187 cm tall and wearing a size L.",Man > Clothing > T-Shirts and Sweatshirts > Polo shirts,1,105.0,34.99%,-,s,"3,3,1,2,0,0,0,0,0,0,0,0",,,,,,,,0,,0,70.0,1,242249UPL000009-100-s
https://www.styleisnow.com/business/loafers-khaite-242910nmo000001-899.html,,http://cdn.orderlink.it/foto/242910F4042726L726/F4042726L726jej-13.jpg,http://cdn.orderlink.it/foto/242910F4042726L726/F4042726L726lvx-14.jpg,http://cdn.orderlink.it/foto/242910F4042726L726/F4042726L726xvu-16.jpg,KHAITE,242910NMO000001-899,Fall - Winter,2024,F4042 726 L726,899,Marrone,COFFEE,Italy,100% calfskin,Alessio Suede Leather Mocc,"The Alessio moccasins by Khaite are made of suede leather with a minimal design. They feature a suede lining, glossy leather insole, and leather sole.",Woman > Shoes > Loafers,1,1385.0,35.00%,IT,37,"0,0,0,0,0,0,0,0,1,0,1,0,1,0,1,0,0,0,0,0,0,0,0,0,0,0,0,0",,,,,,,,"20.0 mm / 0.8""",0,0,960.0,0,242910NMO000001-899-37
https://www.styleisnow.com/business/sandals-birkenstock-242568xsp000024-a0012.html,,http://cdn.orderlink.it/foto/2415681027355/1027355yxr-13.jpg,http://cdn.orderlink.it/foto/2415681027355/1027355qdn-14.jpg,http://cdn.orderlink.it/foto/2415681027355/1027355ogn-16.jpg,BIRKENSTOCK,242568XSP000024-A0012,Fall - Winter,2024,1027355,A0012,Rosa,PINK,Germany,100% EVA,Arizona Eva Slides Narrow Fit,Birkenstock Arizona slides entirely crafted in EVA with moulded insole and double adjustable strap with tone-on-tone plastic buckle with debossed logo. Narrow fit.,Woman > Shoes > Sandals,8,70.0,25.00%,UNISEX,38,"0,0,2,0,9,0,9,0,9,0,9,0,2,0,0,0,0,0,0,0,0,0,0,0,0",,,,,,,,0,0,0,50.0,9,242568XSP000024-A0012-38
https://www.styleisnow.com/business/loafers-tod-s-242727lmo000009-s404.html,,http://cdn.orderlink.it/foto/242727XXM59K00040RE0/XXM59K00040RE0ebg-13.jpg,http://cdn.orderlink.it/foto/242727XXM59K00040RE0/XXM59K00040RE0pew-14.jpg,http://cdn.orderlink.it/foto/242727XXM59K00040RE0/XXM59K00040RE0jhi-16.jpg,TOD'S,242727LMO000009-S404,Fall - Winter,2024,XXM59K00040RE0,S404,Marrone,FANGO,Italy,100% calf leather,Suede Loafers,"Suede loafers by Tod's with embossed monogram, leather interior with removable sole, iconic pebbles on the heel and rubber sole",Man > Shoes > Loafers,2,705.0,35.00%,UK,8,"0,0,0,0,1,2,1,2,0,1,0,0,0,0,0,0,0,0,0,0,0,0,0,0,0,0,0",,,,,,,,"20.0 mm / 0.8""",0,0,490.0,1,242727LMO000009-S404-8
https://www.styleisnow.com/business/polo-shirts-boss-242249upl000006-404.html,http://cdn.orderlink.it/foto/23124950472668/50472668gsk-20.jpg,http://cdn.orderlink.it/foto/23124950472668/50472668lpp-13.jpg,http://cdn.orderlink.it/foto/23124950472668/50472668bkw-14.jpg,http://cdn.orderlink.it/foto/23124950472668/50472668vwe-15.jpg,BOSS,242249UPL000006-404,Fall - Winter,2024,50507803,404,Blu,DARK BLUE,Turkey,95%CO 5%EA,Slim Fit Passenger Polo Shirt,"Short-sleeved Boss polo made of lightweight stretch cotton piqu&eacute  with a logo patch on the chest. It features ribbed collar and sleeve cuffs, and a three-button closure. Slim fit. The model is 187 cm tall and wears size L.",Man > Clothing > T-Shirts and Sweatshirts > Polo shirts,2,105.0,34.99%,-,xl,"1,0,0,1,0,0,0,0,0,0,0,0",,,,,,,,0,,0,70.0,1,242249UPL000006-404-xl
https://www.styleisnow.com/business/birkenstock-242568xsp000051-taupe.html,,http://cdn.orderlink.it/foto/242568051463/051463djx-13.jpg,http://cdn.orderlink.it/foto/242568051463/051463qms-14.jpg,http://cdn.orderlink.it/foto/242568051463/051463bri-16.jpg,BIRKENSTOCK,242568XSP000051-TAUPE,Fall - Winter,2024,051463,TAUPE,Neutro,TAUPE,Germany,100% leather,Arizona Slides Narrow Fit,"Birkenstock Arizona slides crafted in suede leather featuring double adjustable strap with tonal engraved metal buckle. Suede leather footbed, moulded cork and latex sole and EVA tread. Narrow fit.",Unisex > Calzature unisex > Mules,9,155.0,25.00%,UNISEX,43,"0,0,3,0,8,0,8,0,7,0,9,0,7,0,9,0,8,0,8,0,2,0,0,0,0",,,,,,,,0,0,0,110.0,8,242568XSP000051-TAUPE-43
https://www.styleisnow.com/business/sneakers-golden-goose-242571nsn000019-10283.html,,http://cdn.orderlink.it/foto/232571GWF00117F003771/GWF00117F003771lph-13.jpg,http://cdn.orderlink.it/foto/232571GWF00117F003771/GWF00117F003771ava-14.jpg,http://cdn.orderlink.it/foto/232571GWF00117F003771/GWF00117F003771kbq-16.jpg,GOLDEN GOOSE,242571NSN000019-10283,Fall - Winter,2024,GWF00117 F003771,10283,Bianco,WHITE/BLACK,Italy,74%goat leather 26%cow leather,'Ball Star' Sneakers,"Golden Goose Ball Star sneakers in used-effect leather with crackle-effect inserts and perforations on toe. Star and heel tab in contrasting leather, logo on tongue and side, fabric and leather interior with removable insole, rubber sole with contrasting tread.",Woman > Shoes > Sneakers,3,615.0,30.00%,IT,38,"0,0,0,0,0,0,0,0,3,0,3,0,0,0,0,0,0,0,0,0,0,0,0,0,0,0,0,0",,,,,,,,"30.0 mm / 1.2""",0,0,420.0,3,242571NSN000019-10283-38
https://www.styleisnow.com/business/puffer-jackets-the-north-face-242754upi000003-4h0.html,http://cdn.orderlink.it/foto/241754NF0A8795/NF0A8795ljz-20.jpg,http://cdn.orderlink.it/foto/241754NF0A8795/NF0A8795whm-13.jpg,http://cdn.orderlink.it/foto/241754NF0A8795/NF0A8795gza-14.jpg,http://cdn.orderlink.it/foto/241754NF0A8795/NF0A8795uaf-15.jpg,THE NORTH FACE,242754UPI000003-4H0,Fall - Winter,2024,NF0A8795,4H0,Nero,TNF BLACK-NPF,Bangladesh,100%NY,Lightweight Gosei,"The North Face quilted jacket made of micro ripstop nylon with light polyester padding. It features a zip closure, elasticized cuffs, side pockets with zippers, and a raised collar. TNF logo printed on the chest and back. Regular fit. The model is 187 cm tall and wears a size L.",Man > Clothing > Outerwear > Puffer jackets,1,180.0,25.00%,-,xl,"0,0,0,1,0,0,0,0,0,0,0,0",,,,,,,,0,,0,120.0,1,242754UPI000003-4H0-xl
https://www.styleisnow.com/business/sneakers-golden-goose-242571lsn000014-10630.html,,http://cdn.orderlink.it/foto/242571GMF00117F006162/GMF00117F006162ebe-13.jpg,http://cdn.orderlink.it/foto/242571GMF00117F006162/GMF00117F006162unx-14.jpg,http://cdn.orderlink.it/foto/242571GMF00117F006162/GMF00117F006162sow-16.jpg,GOLDEN GOOSE,242571LSN000014-10630,Fall - Winter,2024,GMF00117 F006162,10630,Neutro,WHITE/GREEN/SILVER,Italy,68%cow leather 23%PL 8%EA,Ball Star Sneakers By,"The Ball Star sneakers by Golden Goose are made of used-effect leather with a contrasting suede star on the side. The toe and heel feature cracked leather, while the spoiler is laminated. The back has a large ""SNEAKERS"" lettering in contrast print, and there are perforations on the toe, a golden logo on the side, and a fabric label on the tongue. The interior is lined with sponge and has a removable leather insole, while the sole is made of rubber",Man > Shoes > Sneakers,1,655.0,30.00%,IT,44,"0,0,0,0,0,0,0,0,0,0,2,0,2,0,2,0,0,0,0,0,0,0,0,0,0,0,0",,,,,,,,"30.0 mm / 1.2""",0,0,450.0,0,242571LSN000014-10630-44
https://www.styleisnow.com/business/casual-jackets-saks-potts-242834dgh000002-a0009.html,http://cdn.orderlink.it/foto/24283434028/34028ffe-20.jpg,http://cdn.orderlink.it/foto/24283434028/34028etx-13.jpg,http://cdn.orderlink.it/foto/24283434028/34028lyn-14.jpg,http://cdn.orderlink.it/foto/24283434028/34028cpq-15.jpg,SAKS POTTS,242834DGH000002-A0009,Fall - Winter,2024,34028,A0009,Marrone,DARK NAVY,China,100%NY,Aiden Quilted,"The Saks Potts quilted diamond jacket is made of satin-finished nylon with matching corduroy trim and collar. Lightly padded with polyester, the jacket features two patch pockets and snap button closure. Logo eyelet on the chest. The model is 177 cm tall and wears size XS.",Woman > Clothing > Jackets and Blazers > Casual jackets,1,665.0,30.00%,-,xs,"0,0,2,0,0,0,0,0,0",,,,,,,,0,,0,460.0,0,242834DGH000002-A0009-xs
https://www.styleisnow.com/business/birkenstock-242568xsp000063-black.html,,http://cdn.orderlink.it/foto/2425681025245/1025245pji-13.jpg,http://cdn.orderlink.it/foto/2425681025245/1025245hsj-14.jpg,http://cdn.orderlink.it/foto/2425681025245/1025245shi-16.jpg,BIRKENSTOCK,242568XSP000063-BLACK,Fall - Winter,2024,1025245,BLACK,Nero,BLACK,Germany,100% leather,'St Barths Narrow Fit Sl,"These St Barths slides by Birkenstock are a refined and feminine reinterpretation of the classic Arizona style, made from soft natural leather with a glossy finish. They feature a double adjustable strap with square buckles in branded zamak, a semi-exquisite anatomical cork and latex footbed with a leather lining, and a natural rubber sole. Designed for a narrow fit.",Unisex > Calzature unisex > Mules,1,280.0,25.00%,UNISEX,38,"0,0,0,0,0,0,1,0,1,0,0,0,0,0,0,0,0,0,0,0,0,0,0,0,0",,,,,,,,"20.0 mm / 0.8""",0,0,190.0,1,242568XSP000063-BLACK-38
https://www.styleisnow.com/business/birkenstock-242568xsp000015-tbcbw.html,,http://cdn.orderlink.it/foto/242568352203/352203xlf-13.jpg,http://cdn.orderlink.it/foto/242568352203/352203rdt-14.jpg,http://cdn.orderlink.it/foto/242568352203/352203xjl-16.jpg,BIRKENSTOCK,242568XSP000015-TBCBW,Fall - Winter,2024,352203,TBCBW,Marrone,TABACCO BROWN,Germany,100% leather,Arizona Slides Narrow Fit,"Birkenstock Arizona slides crafted in suede leather featuring double adjustable strap with tonal engraved metal buckle. Suede leather footbed, moulded cork and latex sole and EVA tread. Narrow fit.",Unisex > Calzature unisex > Mules,15,140.0,25.00%,UNISEX,37,"0,0,2,0,14,0,16,0,15,0,16,0,16,0,0,0,16,0,16,0,0,0,0,0,0",,,,,,,,0,0,0,100.0,14,242568XSP000015-TBCBW-37
https://www.styleisnow.com/business/bomber-jackets-baracuta-242167ugb000002-300.html,http://cdn.orderlink.it/foto/231167BRCPS0001BCNY1/BRCPS0001BCNY1lnn-20.jpg,http://cdn.orderlink.it/foto/231167BRCPS0001BCNY1/BRCPS0001BCNY1lqj-13.jpg,http://cdn.orderlink.it/foto/231167BRCPS0001BCNY1/BRCPS0001BCNY1qhq-14.jpg,http://cdn.orderlink.it/foto/231167BRCPS0001BCNY1/BRCPS0001BCNY1lbe-15.jpg,BARACUTA,242167UGB000002-300,Fall - Winter,2024,BRCPS0001BCNY1,300,Blu,DARK NAVY,United Kingdom,58% PL 42% CO,Harrington G9,"The Baracuta Harrington jacket is made of breathable technical cotton Coolmax with the iconic Fraser Tartan mixed cotton lining. It has a slim fit with raglan sleeves, front zip closure and double button on the collar, side pockets with flap and button, ribbed cuffs, waistband and inner collar. Shaped back yoke. The model is 187 cm tall and wears size 40.",Man > Clothing > Jackets and Blazers > Bomber jackets,3,510.0,30.00%,US/UK,40,"0,0,0,0,2,2,3,2,1,0",,,,,,,,0,,0,350.0,2,242167UGB000002-300-40
https://www.styleisnow.com/business/boots-ugg-242357nsv000009-che.html,,http://cdn.orderlink.it/foto/2323571135092/1135092jru-13.jpg,http://cdn.orderlink.it/foto/2323571135092/1135092iqt-14.jpg,http://cdn.orderlink.it/foto/2323571135092/1135092swq-16.jpg,UGG,242357NSV000009-CHE,Fall - Winter,2024,1135092,CHE,Marrone,CHESTNUT,Vietnam,100% leather,Classic Ultra Mini Platform Ankle Boots,"UGG Classic Ultra Mini boots crafted in stain and water resistant suede leather with raised stitching, UGGplush™ lining, leather patch with debossed logo applied on the heel and rear loop. SugarSole™ platform rubber sole.",Woman > Shoes > Boots and booties > Boots,3,230.0,30.00%,US,6,"0,0,1,0,3,0,3,0,6,0,6,0,2,0,0,0,0",,,,,,,,"50.0 mm / 2.0""",0,0,160.0,3,242357NSV000009-CHE-6
https://www.styleisnow.com/business/boots-ugg-242357nsv000009-che.html,,http://cdn.orderlink.it/foto/2323571135092/1135092jru-13.jpg,http://cdn.orderlink.it/foto/2323571135092/1135092iqt-14.jpg,http://cdn.orderlink.it/foto/2323571135092/1135092swq-16.jpg,UGG,242357NSV000009-CHE,Fall - Winter,2024,1135092,CHE,Marrone,CHESTNUT,Vietnam,100% leather,Classic Ultra Mini Platform Ankle Boots,"UGG Classic Ultra Mini boots crafted in stain and water resistant suede leather with raised stitching, UGGplush™ lining, leather patch with debossed logo applied on the heel and rear loop. SugarSole™ platform rubber sole.",Woman > Shoes > Boots and booties > Boots,3,230.0,30.00%,US,7,"0,0,1,0,3,0,3,0,6,0,6,0,2,0,0,0,0",,,,,,,,"50.0 mm / 2.0""",0,0,160.0,3,242357NSV000009-CHE-7
https://www.styleisnow.com/business/jeans-ganni-242671dje000010-006.html,http://cdn.orderlink.it/foto/242671J1642/J1642iar-20.jpg,http://cdn.orderlink.it/foto/242671J1642/J1642qgm-13.jpg,http://cdn.orderlink.it/foto/242671J1642/J1642vja-14.jpg,http://cdn.orderlink.it/foto/242671J1642/J1642hrk-15.jpg,GANNI,242671DJE000010-006,Fall - Winter,2024,J1642,006,Nero,WASHED BLACK/BLACK,Tunisia,100%CO-O,Organic Denim Tapered Jeans In Eight,"These Ganni five-pocket jeans have a wide fit and tapered bottom, creating a curved silhouette. Made from organic denim, they feature a medium waist with belt loops and a zip and logo button closure. The model is 177 cm tall and wears size 26.",Woman > Clothing > Jeans > Jeans,2,290.0,35.00%,JEANS,27,"0,0,0,1,1,1,1,0,0,0,0,0,0,0,0,0,0",,,,,,,,0,,0,200.0,1,242671DJE000010-006-27
https://www.styleisnow.com/business/jeans-ganni-242671dje000008-567.html,http://cdn.orderlink.it/foto/242671J1639/J1639srk-20.jpg,http://cdn.orderlink.it/foto/242671J1639/J1639zwt-13.jpg,http://cdn.orderlink.it/foto/242671J1639/J1639ntd-14.jpg,http://cdn.orderlink.it/foto/242671J1639/J1639omk-15.jpg,GANNI,242671DJE000008-567,Fall - Winter,2024,J1639,567,Blu,MID BLUE VINTAGE,Tunisia,100%CO-O,Baggy Jeans With Iz,These Ganni five-pocket jeans are made of organic denim and feature a relaxed straight leg fit with a regular waist. They have belt loops at the waist and a front closure with branded buttons. The model is 177 cm tall and wears size 26.,Woman > Clothing > Jeans > Jeans,2,290.0,35.00%,JEANS,27,"0,0,0,1,1,1,1,0,0,0,0,0,0,0,0,0,0",,,,,,,,0,,0,200.0,1,242671DJE000008-567-27
https://www.styleisnow.com/business/mini-self-portrait-242632dgn000012-black.html,http://cdn.orderlink.it/foto/242632AW24074SKB/AW24074SKBqvy-20.jpg,http://cdn.orderlink.it/foto/242632AW24074SKB/AW24074SKBtou-13.jpg,http://cdn.orderlink.it/foto/242632AW24074SKB/AW24074SKBxmp-14.jpg,http://cdn.orderlink.it/foto/242632AW24074SKB/AW24074SKBhoy-15.jpg,SELF-PORTRAIT,242632DGN000012-BLACK,Fall - Winter,2024,AW24 074SK B,BLACK,Nero,BLACK,China,67%WP 29%PA 4%EA,Alpaca Knit Mini Skirt,"This Self-Portrait miniskirt is made of soft alpaca blend knit, with a straight and fitted cut. It features two front pockets trimmed in contrasting cotton and closed with golden buttons. The waistband is elasticized for comfort. The model is 177 cm tall and wears size S.",Woman > Clothing > Skirts > Mini,2,405.0,32.00%,-,xs,"0,3,2,0,1,0,0,0,0",,,,,,,,0,,0,280.0,1,242632DGN000012-BLACK-xs
