Product Url,Image,Image1,Image2,Image3,Vendor,Sku Styleisnow,Season,Year,SKU,Variant,Color detail,Color Supplier,Made in,Material,Product's Title,Description,Tags,Qty,Retail Price,Discount,Size Info,Size,Qty Detail,Bag length,Bag height,Bag width,Handle height,Shoulder bag length,Belt length,Belt height,Accessory length,Accessory height,Accessory weight,Heel height,Plateau height,Barcode,Compare to Price,Dimensions
https://www.styleisnow.com/business/borse-a-mano-salvatore-ferragamo-232400abs000016-006f.html,,http://cdn.orderlink.it/foto/2324002139710765476/2139710765476kno-13.jpg,http://cdn.orderlink.it/foto/2324002139710765476/2139710765476zed-14.jpg,http://cdn.orderlink.it/foto/2324002139710765476/2139710765476mns-15.jpg,FERRAGAMO,232400ABS000016-006F,Spring - Summer,2024,2139710765476,006F,Rosso,FLAME RED,Italy,100% calf leather,Geometric Handbag,"FERRAGAMO handbag crafted in glossy leather with a geometric structure. Stiff handle, metal fastening with Gancini profile, smooth leather interior with one open pocket, adjustable and detachable shoulder strap and satin steel-finished metalware.",Woman > Bags > Handbags,2.0,1785.0,42.00%,-,os,2,"22,5 cm",11 cm,6 cm,10 cm,0,,,,,,0,,8056283200363,1230.0,"H 11.0 cm x L 22.5 x D 6.0 cm / H 4.3"" x L 8.9"" x D 2.4"""
https://www.styleisnow.com/business/borse-a-mano-salvatore-ferragamo-232400abs000050-007bi.html,,http://cdn.orderlink.it/foto/2324002139610762498/2139610762498zfk-13.jpg,http://cdn.orderlink.it/foto/2324002139610762498/2139610762498nyc-14.jpg,http://cdn.orderlink.it/foto/2324002139610762498/2139610762498xhk-15.jpg,FERRAGAMO,232400ABS000050-007BI,Spring - Summer,2024,2139610762498,007BI,Beige,BEIGE,Italy,100% calf leather,'Wanda' Handbag,"FERRAGAMO ""Wanda"" handbag crafted in glossy leather with geometric lines. Gancini side buckle closure, smooth leather interior with an open pocket and adjustable, detachable shoulder strap. Gold-finished metalware.",Woman > Bags > Handbags,3.0,2950.0,42.00%,-,os,3,"35,5 cm","22,5 cm",9 cm,4 cm,0,,,,,,0,,8056283168205,2040.0,"H 22.5 cm x L 35.5 x D 9.0 cm / H 8.9"" x L 14.0"" x D 3.5"""
https://www.styleisnow.com/business/borse-a-mano-salvatore-ferragamo-231400abs000067-001.html,,http://cdn.orderlink.it/foto/2314002139610761287/2139610761287pcw-13.jpg,http://cdn.orderlink.it/foto/2314002139610761287/2139610761287qjp-14.jpg,http://cdn.orderlink.it/foto/2314002139610761287/2139610761287fde-15.jpg,FERRAGAMO,231400ABS000067-001,Spring - Summer,2024,2139610761287,001,Nero,NERO,Italy,100% calf leather,'Wanda' Handbag,"FERRAGAMO ""Wanda"" handbag crafted in glossy leather with geometric lines. Gancini side buckle closure, smooth leather interior with an open pocket and adjustable, detachable shoulder strap. Gold-finished metalware.",Woman > Bags > Handbags,3.0,2950.0,52.00%,-,os,3,"35,5 cm","22,5 cm",9 cm,4 cm,0,,,,,,0,,8056283112062,2040.0,"H 22.5 cm x L 35.5 x D 9.0 cm / H 8.9"" x L 14.0"" x D 3.5"""
https://www.styleisnow.com/business/borse-a-mano-salvatore-ferragamo-241400abs000022-026np.html,,http://cdn.orderlink.it/foto/2414002114240768897/2114240768897drb-13.jpg,http://cdn.orderlink.it/foto/2414002114240768897/2114240768897eki-14.jpg,http://cdn.orderlink.it/foto/2414002114240768897/2114240768897tja-15.jpg,FERRAGAMO,241400ABS000022-026NP,Spring - Summer,2024,2114240768897,026NP,Rosa,NYLUND PINK,Italy,100% calf leatherr,Studio Box (S) Handbag,Ferragamo Studio Box handbag in hammered calf leather with metal buckle closure with the iconic Gancini motif. Two top leather handles and removable and adjustable shoulder strap. Leather lining with two open flat pockets. Silver-finished metalware and protective studs at base.,Woman > Bags > Handbags,5.0,2425.0,44.00%,-,os,5,22 cm,18 cm,11 cm,8 cm,90 cm,,,,,,0,,8056283494373,1670.0,"H 18.0 cm x L 22.0 x D 11.0 cm / H 7.1"" x L 8.7"" x D 4.3"""
https://www.styleisnow.com/business/handbags-salvatore-ferragamo-241400abs000043-001.html,,http://cdn.orderlink.it/foto/2314002134840760351/2134840760351gkw-13.jpg,http://cdn.orderlink.it/foto/2314002134840760351/2134840760351wkt-14.jpg,http://cdn.orderlink.it/foto/2314002134840760351/2134840760351kwd-15.jpg,FERRAGAMO,241400ABS000043-001,Spring - Summer,2024,2134840760351,001,Nero,NERO,Italy,100% calf leather,E/W Wanda Handbag,"FERRAGAMO ""Wanda"" East-West handbag crafted in brushed leather with geometric lines. Gancini side buckle closure, smooth leather interior with two credit card slots and adjustable, detachable shoulder strap. Gold-finished metalware.",Woman > Bags > Handbags,4.0,2540.0,44.00%,-,os,4,"36,5 cm",13 cm,7 cm,4 m,0,,,,,,0,,8056283078177,1750.0,"H 13.0 cm x L 36.5 x D 7.0 cm / H 5.1"" x L 14.4"" x D 2.8"""
https://www.styleisnow.com/business/borse-a-mano-salvatore-ferragamo-232400abs000058-001.html,,http://cdn.orderlink.it/foto/2324002154850766718/2154850766718ehk-13.jpg,http://cdn.orderlink.it/foto/2324002154850766718/2154850766718vvl-14.jpg,http://cdn.orderlink.it/foto/2324002154850766718/2154850766718vmf-15.jpg,FERRAGAMO,232400ABS000058-001,Spring - Summer,2024,2154850766718,001,Nero,BLACK,Italy,100% calf leather,Semi-Rigid Handbag (M),FERRAGAMO handbag made of leather featuring a semi-rigid geometric structure with slightly rounded base. Vintage-inspired side lever and snap lock mechanism closure and leather interior with four slit pockets.,Woman > Bags > Handbags,2.0,3465.0,42.00%,-,os,2,"22,5 cm","18,5 cm",8 cm,8 cm,0,,,,,,0,,8056283429146,2390.0,"H 18.5 cm x L 22.5 x D 8.0 cm / H 7.3"" x L 8.9"" x D 3.1"""
https://www.styleisnow.com/business/handbags-giuseppe-di-morabito-241a04abs000001-21cr.html,,http://cdn.orderlink.it/foto/241A0402PSBG009FC02109/02PSBG009FC02109yqn-13.jpg,http://cdn.orderlink.it/foto/241A0402PSBG009FC02109/02PSBG009FC02109edr-14.jpg,http://cdn.orderlink.it/foto/241A0402PSBG009FC02109/02PSBG009FC02109dsx-15.jpg,GIUSEPPE DI MORABITO,241A04ABS000001-21CR,Spring - Summer,2024,02PSBG009FC 02109,21CR,Beige,BEIGE CRYSTAL,Italy,97%PL 03%EA 100%CY,Handbag With Rhinestones,"Handbag by Giuseppe di Morabito made of technical satin studded with all-over micro rhinestones. The design features knotted bow handles, magnetic closure and satin-lined interior with one open pocket.",Woman > Bags > Handbags,2.0,705.0,48.00%,-,os,2,35 cm,19 cm,8 cm,12 cm,0,,,,,,0,,8056786200532,490.0,"H 19.0 cm x L 35.0 x D 8.0 cm / H 7.5"" x L 13.8"" x D 3.1"""
https://www.styleisnow.com/business/borse-a-mano-anya-hindmarch-241650abs000001-natur.html,,http://cdn.orderlink.it/foto/2416505050925155120/5050925155120ack-13.jpg,http://cdn.orderlink.it/foto/2416505050925155120/5050925155120prg-14.jpg,http://cdn.orderlink.it/foto/2416505050925155120/5050925155120ddi-15.jpg,ANYA HINDMARCH,241650ABS000001-NATUR,Spring - Summer,2024,5050925155120,NATUR,Neutro,NATURAL,India,"100% seagrass, 100% leather",Paper Eyes Basket Handbag,Anya Hindmarch handbag made of woven natural seagrass with iconic applied Eyes patches and leather handles. Drawstring closure and unlined interior with a leather slit pocket.,Woman > Bags > Handbags,7.0,640.0,48.00%,-,os,7,39 cm,21 cm,13 cm,"8,5 cm",0,,,,,,0,,5050925155120,440.0,"H 21.0 cm x L 39.0 x D 13.0 cm / H 8.3"" x L 15.4"" x D 5.1"""
https://www.styleisnow.com/business/handbags-mm6-maison-margiela-241923abs000006-t1013.html,,http://cdn.orderlink.it/foto/221923S54WD0039P4344/S54WD0039P4344cal-13.jpg,http://cdn.orderlink.it/foto/221923S54WD0039P4344/S54WD0039P4344tca-14.jpg,http://cdn.orderlink.it/foto/221923S54WD0039P4344/S54WD0039P4344bij-15.jpg,MM6,241923ABS000006-T1013,Spring - Summer,2024,S54WD0039 P5691,T1013,Bianco,ZENZERO,China,100% bovine leather,Japanese Handbag,"MM6 Maison Margiela Japanese bag in grained leather with double triangle shape ending in the leather-wrapped top handle with debossed logo. Signature straight white stitch on the back. Press-stud on the lower edges to change the bag shape. Press-stud closure, cotton lining and one inner flat pocket with press-stud closure. Silver-finished metalware.",Woman > Bags > Handbags,6.0,730.0,42.00%,-,os,6,50 cm,35 cm,1 cm,19 cm,0,,,,,,0,,8053460591931,500.0,"H 35.0 cm x L 50.0 x D 1.0 cm / H 13.8"" x L 19.7"" x D 0.4"""
https://www.styleisnow.com/business/handbags-mm6-maison-margiela-241923abs000004-t1013.html,,http://cdn.orderlink.it/foto/241923S54WD0043P5691/S54WD0043P5691agg-13.jpg,http://cdn.orderlink.it/foto/241923S54WD0043P5691/S54WD0043P5691xao-14.jpg,http://cdn.orderlink.it/foto/241923S54WD0043P5691/S54WD0043P5691bzr-15.jpg,MM6,241923ABS000004-T1013,Spring - Summer,2024,S54WD0043 P5691,T1013,Neutro,ZENZERO,China,100% cow leather,Japanese Classic Small Handbag,"MM6 Maison Margiela Japanese Classic small handbag in grained leather with double triangle shape ending in the leather-wrapped top handle with debossed logo. Signature straight white stitch on the back. Press-stud on the lower edges to change the bag shape. Press-stud closure, cotton lining and one inner flat pocket with press-stud closure. Silver-finished metalware.",Woman > Bags > Handbags,2.0,665.0,42.00%,-,os,2,34 cm,"27,5 cm",1 cm,"9,5 cm",0,,,,,,0,,8053460591917,460.0,"H 27.5 cm x L 34.0 x D 1.0 cm / H 10.8"" x L 13.4"" x D 0.4"""
https://www.styleisnow.com/business/handbags-jacquemus-241884abs000016-990.html,,http://cdn.orderlink.it/foto/241884241BA3963171/241BA3963171qht-13.jpg,http://cdn.orderlink.it/foto/241884241BA3963171/241BA3963171tgt-14.jpg,http://cdn.orderlink.it/foto/241884241BA3963171/241BA3963171tqh-15.jpg,JACQUEMUS,241884ABS000016-990,Fall - Winter,2024,241BA396 3171,990,Nero,BLACK,Italy,100% lamb leather,"""Le Calino Handbag Pur","The Le Calino handbag by Jacquemus is made of soft nappa leather and features a sculptural handle in golden metal with an engraved logo, as well as a sinuous structure. It has a magnetic closure on the back and an additional side zip, with a cotton-lined interior and adjustable/removable shoulder strap.",Woman > Bags > Handbags,1.0,1525.0,35.00%,-,os,1,33 cm,23 cm,13 cm,"8,5 cm",0,,,,,,0,,3700943351647,1050.0,"H 23.0 cm x L 33.0 x D 13.0 cm / H 9.1"" x L 13.0"" x D 5.1"""
https://www.styleisnow.com/business/handbags-pinko-241783abs000018-z14qs.html,,http://cdn.orderlink.it/foto/241783102833A1LF/102833A1LFsrk-13.jpg,http://cdn.orderlink.it/foto/241783102833A1LF/102833A1LFhwh-14.jpg,http://cdn.orderlink.it/foto/241783102833A1LF/102833A1LFzrt-15.jpg,PINKO,241783ABS000018-Z14QS,Spring - Summer,2024,102833 A1LF,Z14QS,Bianco,BIANCO SETA ANTIQUE GOLD,Italy,100% leather,Carrie Shopper Classic Handbag,"Carrie Shopper Classic handbag by Pinko made of grained leather. Smooth leather interior with two compartments divided by a zippered pocket and three credit card slots, removable Love Birds charm and adjustable, detachable shoulder strap. Antiqued gold finished metalware.",Woman > Bags > Handbags,6.0,380.0,57.00%,-,os,6,24 cm,19 cm,12 cm,8 cm,0,,,,,,0,,8057769414007,260.0,"H 19.0 cm x L 24.0 x D 12.0 cm / H 7.5"" x L 9.4"" x D 4.7"""
https://www.styleisnow.com/business/handbags-skall-studio-241a38abs000001-fdrs.html,,http://cdn.orderlink.it/foto/241A381005424157/1005424157vnn-13.jpg,http://cdn.orderlink.it/foto/241A381005424157/1005424157icq-14.jpg,http://cdn.orderlink.it/foto/241A381005424157/1005424157sbx-15.jpg,SKALL STUDIO,241A38ABS000001-FDRS,Spring - Summer,2024,10054 24157,FDRS,Rosa,FADED ROSE,India,100% BIO CO,Evalu Crochet Handbag In 9,The SKALL Evalu handbag is made of pure organic cotton crochet and finished with a contrasting embroidered logo on the front. The unlined interior features a double top handle for easy carrying.,Woman > Bags > Handbags,2.0,280.0,48.00%,-,os,2,26 cm,27 cm,4 cm,16 cm,0,,,,,,0,,5714639207239,190.0,"H 27.0 cm x L 26.0 x D 4.0 cm / H 10.6"" x L 10.2"" x D 1.6"""
https://www.styleisnow.com/business/handbags-skall-studio-241a38abs000001-blk.html,,http://cdn.orderlink.it/foto/241A381005424157/1005424157lhk-13.jpg,http://cdn.orderlink.it/foto/241A381005424157/1005424157ekv-14.jpg,http://cdn.orderlink.it/foto/241A381005424157/1005424157ulo-15.jpg,SKALL STUDIO,241A38ABS000001-BLK,Spring - Summer,2024,10054 24157,BLK,Nero,BLACK,India,100% BIO CO,Evalu Crochet Handbag In 9,The SKALL Evalu handbag is made of pure organic cotton crochet and finished with a contrasting embroidered logo on the front. The unlined interior features a double top handle for easy carrying.,Woman > Bags > Handbags,3.0,280.0,48.00%,-,os,3,26 cm,27 cm,4 cm,16 cm,0,,,,,,0,,5714639207222,190.0,"H 27.0 cm x L 26.0 x D 4.0 cm / H 10.6"" x L 10.2"" x D 1.6"""
https://www.styleisnow.com/business/handbags-coperni-241584abs000016-blu.html,,http://cdn.orderlink.it/foto/241584COPBA72BIS493/COPBA72BIS493fux-13.jpg,http://cdn.orderlink.it/foto/241584COPBA72BIS493/COPBA72BIS493ypp-14.jpg,http://cdn.orderlink.it/foto/241584COPBA72BIS493/COPBA72BIS493jhn-15.jpg,COPERNI,241584ABS000016-BLU,Spring - Summer,2024,COPBA72BIS493,BLU,Celeste,BLUE,Italy,100% leather,"""Sound Swipe Handbag""","The Sound Swipe handbag by Coperni is made of glossy leather with a small logo lettering applied and characterized by its curved shape. It features a double zipper closure, leather interior, and removable shoulder strap. The metallic accessories are finished in silver.",Woman > Bags > Handbags,2.0,795.0,44.00%,-,os,2,"23,5 cm",10 cm,"5,5 cm",6 cm,0,,,,,,0,,5057890792404                                     ,550.0,"H 10.0 cm x L 23.5 x D 5.5 cm / H 3.9"" x L 9.3"" x D 2.2"""
https://www.styleisnow.com/business/handbags-coperni-241584abs000016-blk.html,,http://cdn.orderlink.it/foto/241584COPBA72BIS493/COPBA72BIS493wfc-13.jpg,http://cdn.orderlink.it/foto/241584COPBA72BIS493/COPBA72BIS493xnb-14.jpg,http://cdn.orderlink.it/foto/241584COPBA72BIS493/COPBA72BIS493vec-15.jpg,COPERNI,241584ABS000016-BLK,Spring - Summer,2024,COPBA72BIS493,BLK,Nero,BLACK,Italy,100% leather,"""Sound Swipe Handbag""","The Sound Swipe handbag by Coperni is made of glossy leather with a small logo lettering applied and characterized by its curved shape. It features a double zipper closure, leather interior, and removable shoulder strap. The metallic accessories are finished in silver.",Woman > Bags > Handbags,4.0,795.0,44.00%,-,os,4,"23,5 cm",10 cm,"5,5 cm",6 cm,0,,,,,,0,,5057890792398                                     ,550.0,"H 10.0 cm x L 23.5 x D 5.5 cm / H 3.9"" x L 9.3"" x D 2.2"""
https://www.styleisnow.com/business/handbags-coperni-241584abs000013-blu.html,,http://cdn.orderlink.it/foto/241584COPBA72493/COPBA72493hmm-13.jpg,http://cdn.orderlink.it/foto/241584COPBA72493/COPBA72493gwr-14.jpg,http://cdn.orderlink.it/foto/241584COPBA72493/COPBA72493gxn-15.jpg,COPERNI,241584ABS000013-BLU,Spring - Summer,2024,COPBA72493,BLU,Celeste,BLUE,Italy,100% leather,Large Sound Swipe Handbag,"The Sound Swipe handbag by Coperni is made of glossy leather with a small logo lettering applied and characterized by its curved shape. It features a double zipper closure, leather interior, and removable shoulder strap. The metallic accessories are finished in silver.",Woman > Bags > Handbags,2.0,885.0,44.00%,-,os,2,"32,5 cm","13,5 cm","7,5 cm",9 cm,0,,,,,,0,,5057890792381                                     ,610.0,"H 13.5 cm x L 32.5 x D 7.5 cm / H 5.3"" x L 12.8"" x D 3.0"""
https://www.styleisnow.com/business/handbags-coperni-241584abs000013-blk.html,,http://cdn.orderlink.it/foto/241584COPBA72493/COPBA72493fuw-13.jpg,http://cdn.orderlink.it/foto/241584COPBA72493/COPBA72493vgy-14.jpg,http://cdn.orderlink.it/foto/241584COPBA72493/COPBA72493kam-15.jpg,COPERNI,241584ABS000013-BLK,Spring - Summer,2024,COPBA72493,BLK,Nero,BLACK,Italy,100% leather,Large Sound Swipe Handbag,"The Sound Swipe handbag by Coperni is made of glossy leather with a small logo lettering applied and characterized by its curved shape. It features a double zipper closure, leather interior, and removable shoulder strap. The metallic accessories are finished in silver.",Woman > Bags > Handbags,2.0,885.0,44.00%,-,os,2,"32,5 cm","13,5 cm","7,5 cm",9 cm,0,,,,,,0,,5057890792374                                     ,610.0,"H 13.5 cm x L 32.5 x D 7.5 cm / H 5.3"" x L 12.8"" x D 3.0"""
https://www.styleisnow.com/business/handbags-versace-241417abs000008-1w00p.html,,http://cdn.orderlink.it/foto/23141710030161A06487/10030161A06487jot-13.jpg,http://cdn.orderlink.it/foto/23141710030161A06487/10030161A06487ege-14.jpg,http://cdn.orderlink.it/foto/23141710030161A06487/10030161A06487vfs-15.jpg,VERSACE,241417ABS000008-1W00P,Spring - Summer,2024,1003016 1A06487,1W00P,Argento,OPTICAL WHITE PALLADIUM,Italy,72% VI 28% SE,La Medusa Handbag With Crystals,"Versace handbag made of satin and studded with crystals with iconic medusa appliqué on the flap. Magnetic closure, leather interior with three credit card slots, rigid chain handle with crystals, and adjustable, detachable leather shoulder strap.",Woman > Bags > Handbags,1.0,3595.0,44.00%,-,os,1,14 cm,13 cm,6 cm,7 cm,0,,,,,,0,,8054712771613,2480.0,"H 13.0 cm x L 14.0 x D 6.0 cm / H 5.1"" x L 5.5"" x D 2.4"""
https://www.styleisnow.com/business/handbags-hibourama-241a31abs000004-tanza.html,,http://cdn.orderlink.it/foto/241A31LOLA/LOLAfha-13.jpg,http://cdn.orderlink.it/foto/241A31LOLA/LOLAzbq-14.jpg,http://cdn.orderlink.it/foto/241A31LOLA/LOLApis-15.jpg,HIBOURAMA,241A31ABS000004-TANZA,Spring - Summer,2024,LOLA,TANZA,Viola,TANZANITE,Italy,"100% RE, 100% CY",Lola Handbag Purse Tote,The Lola handbag by Hibourama is made of woven mesh with crystal thread and features a removable satin pouch with a drawstring closure. It also has a gold metal monogram and a suede microfiber interior.,Woman > Bags > Handbags,1.0,630.0,44.00%,-,os,1,20 cm,16 cm,2 cm,13 cm,0,,,,,,0,,0,430.0,"H 16.0 cm x L 20.0 x D 2.0 cm / H 6.3"" x L 7.9"" x D 0.8"""
https://www.styleisnow.com/business/crossbody-and-shoulder-bags-thom-browne-242976abs000004-001.html,,http://cdn.orderlink.it/foto/242976UAG175A00198/UAG175A00198jbd-13.jpg,http://cdn.orderlink.it/foto/242976UAG175A00198/UAG175A00198ely-14.jpg,http://cdn.orderlink.it/foto/242976UAG175A00198/UAG175A00198dul-15.jpg,THOM BROWNE,242976ABS000004-001,Fall - Winter,2024,UAG175A 00198,001,Nero,BLACK,Italy,100% calf leather,Fur Handbag With Chain,"The Rabbit baguette bag by Thom Browne is made of hammered leather with an adjustable handle, fur tail and tricolor gros-grain ribbon. It features a zip closure and a tricolor fabric interior. The metallic accessories have a gold finish.",Woman > Bags > Crossbody and Shoulder bags,2.0,3195.0,40.00%,-,os,2,29 cm,10 cm,5 cm,"26,5 cm",0,,,,,,0,,0,2200.0,"H 10.0 cm x L 29.0 x D 5.0 cm / H 3.9"" x L 11.4"" x D 2.0"""
https://www.styleisnow.com/business/handbags-salvatore-ferragamo-242400abs000024-332.html,,http://cdn.orderlink.it/foto/2424002121930762840/2121930762840bol-13.jpg,http://cdn.orderlink.it/foto/2424002121930762840/2121930762840cmj-14.jpg,http://cdn.orderlink.it/foto/2424002121930762840/2121930762840ytj-15.jpg,FERRAGAMO,242400ABS000024-332,Fall - Winter,2024,2121930762840,332,Marrone,COCOA BROWN,Italy,100% calf leather,Iconic Top Handle Handbag (S),"FERRAGAMO handbag made of brushed leather. It features Gancini closure, leather interior with two gusseted compartments featuring one zippered pocket, flat back pocket. Stiff handle and removable leather shoulder strap. Gold-finished metal protective studs at base and hardware.",Woman > Bags > Handbags,13.0,2695.0,30.00%,-,os,13,"20,5 cm",18 cm,10 cm,10 cm,0,,,,,,0,,0,1860.0,"H 18.0 cm x L 20.5 x D 10.0 cm / H 7.1"" x L 8.1"" x D 3.9"""
https://www.styleisnow.com/business/handbags-salvatore-ferragamo-242400abs000003-290.html,,http://cdn.orderlink.it/foto/2424002121930749021/2121930749021odo-13.jpg,http://cdn.orderlink.it/foto/2424002121930749021/2121930749021voi-14.jpg,http://cdn.orderlink.it/foto/2424002121930749021/2121930749021jut-15.jpg,FERRAGAMO,242400ABS000003-290,Fall - Winter,2024,2121930749021,290,Nero,SIENA NERO,Italy,100% calf leather,Iconic Top Handle Handbag (S),"FERRAGAMO handbag made of brushed leather. It features Gancini closure, leather interior with two gusseted compartments featuring one zippered pocket, flat back pocket. Stiff handle and removable leather shoulder strap. Gold-finished metal protective studs at base and hardware.",Woman > Bags > Handbags,6.0,2695.0,30.00%,-,os,6,"20,5 cm",18 cm,10 cm,10 cm,0,,,,,,0,,0,1860.0,"H 18.0 cm x L 20.5 x D 10.0 cm / H 7.1"" x L 8.1"" x D 3.9"""
https://www.styleisnow.com/business/handbags-salvatore-ferragamo-242400abs000016-003cu.html,,http://cdn.orderlink.it/foto/2424002129580759963/2129580759963rmv-13.jpg,http://cdn.orderlink.it/foto/2424002129580759963/2129580759963kxd-14.jpg,http://cdn.orderlink.it/foto/2424002129580759963/2129580759963qpm-15.jpg,FERRAGAMO,242400ABS000016-003CU,Fall - Winter,2024,2129580759963,003CU,Marrone,CUOIO,Italy,100% calf leather,Iconic Top Handle Handbag,"FERRAGAMO handbag made of brushed leather. It features Gancini closure, leather interior with two gusseted compartments featuring one zippered pocket, flat back pocket. Stiff handle and removable leather shoulder strap. Gold-finished metal protective studs at base and hardware.",Woman > Bags > Handbags,15.0,2375.0,30.00%,-,os,15,21 cm,13 cm,"8,5 cm","9,5 cm",0,,,,,,0,,8058572992164                                     ,1640.0,"H 13.0 cm x L 21.0 x D 8.5 cm / H 5.1"" x L 8.3"" x D 3.3"""
https://www.styleisnow.com/business/handbags-salvatore-ferragamo-242400abs000015-004mu.html,,http://cdn.orderlink.it/foto/2424002194350774774/2194350774774dab-13.jpg,http://cdn.orderlink.it/foto/2424002194350774774/2194350774774hay-14.jpg,http://cdn.orderlink.it/foto/2424002194350774774/2194350774774vqx-15.jpg,FERRAGAMO,242400ABS000015-004MU,Fall - Winter,2024,2194350774774,004MU,Nero,MULT,Italy,100%calfskin 100%CY,Hug Handbag With Crystals (S),"FERRAGAMO presents a sparkling version of the Hug handbag, made of suede leather and enriched with multicolored micro crystals applied by hand. A typical construction from the collection, with enveloping sides and adjustable Gancini buckles in golden metal. The interior is lined with smooth leather and features two credit card slots, as well as hooks for the additional and adjustable shoulder strap. It also has a double top handle and a removable matching keychain charm.",Woman > Bags > Handbags,2.0,3785.0,30.00%,-,os,2,"22,5 cm",14 cm,11 cm,7 cm,0,,,,,,0,,8056283730907                                     ,2610.0,"H 14.0 cm x L 22.5 x D 11.0 cm / H 5.5"" x L 8.9"" x D 4.3"""
https://www.styleisnow.com/business/handbags-salvatore-ferragamo-242400abs000009-001.html,,http://cdn.orderlink.it/foto/2424002129580759117/2129580759117oic-13.jpg,http://cdn.orderlink.it/foto/2424002129580759117/2129580759117rgs-14.jpg,http://cdn.orderlink.it/foto/2424002129580759117/2129580759117cit-15.jpg,FERRAGAMO,242400ABS000009-001,Fall - Winter,2024,2129580759117,001,Nero,NERO,Italy,100% calf leather,Iconic Top Handle Handbag,"FERRAGAMO handbag made of brushed leather. It features Gancini closure, leather interior with two gusseted compartments featuring one zippered pocket, flat back pocket. Stiff handle and removable leather shoulder strap. Gold-finished metal protective studs at base and hardware.",Woman > Bags > Handbags,15.0,2375.0,30.00%,-,os,15,21 cm,13 cm,"8,5 cm","9,5 cm",0,,,,,,0,,0,1640.0,"H 13.0 cm x L 21.0 x D 8.5 cm / H 5.1"" x L 8.3"" x D 3.3"""
https://www.styleisnow.com/business/mini-bags-stella-mccartney-242608abs000005-1220.html,,http://cdn.orderlink.it/foto/242608391698W9132/391698W9132sxa-13.jpg,http://cdn.orderlink.it/foto/242608391698W9132/391698W9132zht-14.jpg,http://cdn.orderlink.it/foto/242608391698W9132/391698W9132fda-15.jpg,STELLA MCCARTNEY,242608ABS000005-1220,Fall - Winter,2024,391698 W9132,1220,Grigio,LIGHT GREY,Italy,100% PL,Falabella Tiny Handbag,"The Falabella bag by Stella McCartney is made of eco-leather and features a double handle, chain shoulder strap, and chain trimmings with a branded medallion. It has an internal snap button closure, logo-printed nylon lining, and an applied inner pocket. The metal accessories have a ruthenium finish.",Woman > Bags > Mini bags,15.0,965.0,25.00%,-,os,15,18 cm,"17,5 cm",5 cm,8 cm,0,,,,,,0,,0,660.0,"H 17.5 cm x L 18.0 x D 5.0 cm / H 6.9"" x L 7.1"" x D 2.0"""
https://www.styleisnow.com/business/mini-bags-stella-mccartney-242608abs000005-1000.html,,http://cdn.orderlink.it/foto/242608391698W9132/391698W9132aod-13.jpg,http://cdn.orderlink.it/foto/242608391698W9132/391698W9132nob-14.jpg,http://cdn.orderlink.it/foto/242608391698W9132/391698W9132moa-15.jpg,STELLA MCCARTNEY,242608ABS000005-1000,Fall - Winter,2024,391698 W9132,1000,Nero,BLACK,Italy,100% PL,Falabella Tiny Handbag,"The Falabella bag by Stella McCartney is made of eco-leather and features a double handle, chain shoulder strap, and chain trimmings with a branded medallion. It has an internal snap button closure, logo-printed nylon lining, and an applied inner pocket. The metal accessories have a ruthenium finish.",Woman > Bags > Mini bags,9.0,965.0,25.00%,-,os,9,18 cm,"17,5 cm",5 cm,8 cm,0,,,,,,0,,0,660.0,"H 17.5 cm x L 18.0 x D 5.0 cm / H 6.9"" x L 7.1"" x D 2.0"""
https://www.styleisnow.com/business/handbags-marc-jacobs-242445abs000036-001.html,,http://cdn.orderlink.it/foto/2424452P3HSC007H01/2P3HSC007H01vfn-13.jpg,http://cdn.orderlink.it/foto/2424452P3HSC007H01/2P3HSC007H01bll-14.jpg,http://cdn.orderlink.it/foto/2424452P3HSC007H01/2P3HSC007H01xqc-15.jpg,MARC JACOBS,242445ABS000036-001,Fall - Winter,2024,2P3HSC007H01,001,Nero,BLACK,Vietnam,100% cow leather,The St. Marc Top Handle Handbag,"St. Marc leather handbag by Marc Jacobs characterized by the ""M"" shape and the magnetic closure with chain Double J monogram on the flap. Leather lining with a zipped pocket and two credit card slots. It can be carried by hand thanks to the leather top handle or crossbody with the adjustable and removable shoulder strap. Finished with metal plate featuring enameled logo at back. Antique gold-finished metalware.",Woman > Bags > Handbags,5.0,765.0,40.00%,-,os,5,24 cm,16 cm,10 cm,12 cm,0,,,,,,0,,0,530.0,"H 16.0 cm x L 24.0 x D 10.0 cm / H 6.3"" x L 9.4"" x D 3.9"""
https://www.styleisnow.com/business/handbags-courreges-242030abs000005-9999.html,,http://cdn.orderlink.it/foto/242030224GSA102CR0065/224GSA102CR0065rou-13.jpg,http://cdn.orderlink.it/foto/242030224GSA102CR0065/224GSA102CR0065iov-14.jpg,http://cdn.orderlink.it/foto/242030224GSA102CR0065/224GSA102CR0065fri-15.jpg,COURREGES,242030ABS000005-9999,Fall - Winter,2024,224GSA102CR0065,9999,Nero,BLACK,Italy,100% calf leather,"Cross

Holy Cross Handbag","The Holy handbag by Courrèges is made of smooth leather with a silver metal monogram. It features a magnetic closure, a removable decorative micro buckle on the handles, and a suede-like microfiber interior with an open pocket. The adjustable and removable shoulder strap adds versatility to this stylish bag.",Woman > Bags > Handbags,4.0,1015.0,30.00%,-,os,4,"25,5 cm","18,5 cm",15 cm,0,0,,,,,,0,,0,700.0,"H 18.5 cm x L 25.5 x D 15.0 cm / H 7.3"" x L 10.0"" x D 5.9"""
https://www.styleisnow.com/business/handbags-valentino-garavani-242032abs000011-0no.html,,http://cdn.orderlink.it/foto/2420325W2B0Q26IMZ/5W2B0Q26IMZjfi-13.jpg,http://cdn.orderlink.it/foto/2420325W2B0Q26IMZ/5W2B0Q26IMZslx-14.jpg,http://cdn.orderlink.it/foto/2420325W2B0Q26IMZ/5W2B0Q26IMZmtj-15.jpg,VALENTINO GARAVANI,242032ABS000011-0NO,Fall - Winter,2024,5W2B0Q26IMZ,0NO,Nero,NERO,Italy,100% calf leather,Alltime Handbag Purse Tote,"The Alltime handbag by Valentino Garavani is made of hammered leather with a metal Vlogo Signature element. It features a magnetic closure, suede interior with a zip pocket, and protective feet at the base. Equipped with two adjustable and removable shoulder straps for a shoulder or crossbody look. The metallic elements have an antique brass finish.",Woman > Bags > Handbags,2.0,2825.0,25.00%,-,os,2,"18,5 cm","17,5 cm",13 cm,9 cm,0,,,,,,0,,0,1950.0,"H 17.5 cm x L 18.5 x D 13.0 cm / H 6.9"" x L 7.3"" x D 5.1"""
https://www.styleisnow.com/business/handbags-brunello-cucinelli-242026abs000001-c8769.html,,http://cdn.orderlink.it/foto/242026MBDLD2499P/MBDLD2499Puaa-13.jpg,http://cdn.orderlink.it/foto/242026MBDLD2499P/MBDLD2499Psyo-14.jpg,http://cdn.orderlink.it/foto/242026MBDLD2499P/MBDLD2499Puvp-15.jpg,BRUNELLO CUCINELLI,242026ABS000001-C8769,Fall - Winter,2024,MBDLD2499P,C8769,Marrone,TORBA,Italy,100% calf leather,Handbag With Precious Bands,"Brunello Cucinelli handbag crafted in fine suede and enriched by embroidered monili inserts, which embrace the sides of the bag with a brilliant effect. Magnetic closure and leather interior with a detachable open pocket. Top handle, matching adjustable and removable shoulder strap. Ruthenium-finished metalware.",Woman > Bags > Handbags,4.0,3210.0,35.00%,-,os,4,20 cm,17 cm,"8,5 cm",10 cm,0,,,,,,0,,0,2210.0,"H 17.0 cm x L 20.0 x D 8.5 cm / H 6.7"" x L 7.9"" x D 3.3"""
https://www.styleisnow.com/business/mini-bags-dolce-gabbana-242450abs000011-80412.html,,http://cdn.orderlink.it/foto/231450BB6711AV893/BB6711AV893nyo-13.jpg,http://cdn.orderlink.it/foto/231450BB6711AV893/BB6711AV893chk-14.jpg,http://cdn.orderlink.it/foto/231450BB6711AV893/BB6711AV893gdw-15.jpg,DOLCE & GABBANA,242450ABS000011-80412,Fall - Winter,2024,BB6711 AV893,80412,Rosa,CIPRIA 1,Italy,100% calf leather,Devotion Small Handbag,"Dolce &amp  Gabbana leather mini bag with handmade DG Sacred Heart featuring decorative pearls. Top handle, removable chain strap, magnetic button on the flap, leather lining. Inside flat pocket and antique gold-tone hardware. Devotion packaging included.",Woman > Bags > Mini bags,6.0,2245.0,32.00%,-,os,6,19 cm,"12,5 cm",5 cm,7 cm,107 cm,,,,,,0,,0,1550.0,"H 12.5 cm x L 19.0 x D 5.0 cm / H 4.9"" x L 7.5"" x D 2.0"""
https://www.styleisnow.com/business/mini-bags-salvatore-ferragamo-242400apg000009-001.html,,http://cdn.orderlink.it/foto/2424002206680775132/2206680775132otf-13.jpg,http://cdn.orderlink.it/foto/2424002206680775132/2206680775132xsq-14.jpg,http://cdn.orderlink.it/foto/2424002206680775132/2206680775132xor-15.jpg,FERRAGAMO,242400APG000009-001,Fall - Winter,2024,2206680775132,001,Nero,NERO,Italy,100% calf leather,Mini Hug Handbag,"The mini Hug bag by FERRAGAMO is made of smooth leather with the iconic Gancini metal closure in gold. The interior features two expandable compartments, a central zip pocket, two slip pockets, and six credit card slots. It also comes with a removable chain shoulder strap for a handheld look.",Woman > Bags > Mini bags,5.0,1000.0,35.00%,-,os,5,19 cm,9 cm,"2,5 cm",0,112 cm,,,,,,0,,0,690.0,"H 9.0 cm x L 19.0 x D 2.5 cm / H 3.5"" x L 7.5"" x D 1.0"""
https://www.styleisnow.com/business/handbags-valentino-garavani-242032abs000011-zg6.html,,http://cdn.orderlink.it/foto/2420325W2B0Q26IMZ/5W2B0Q26IMZhkh-13.jpg,http://cdn.orderlink.it/foto/2420325W2B0Q26IMZ/5W2B0Q26IMZqwv-14.jpg,http://cdn.orderlink.it/foto/2420325W2B0Q26IMZ/5W2B0Q26IMZxba-15.jpg,VALENTINO GARAVANI,242032ABS000011-ZG6,Fall - Winter,2024,5W2B0Q26IMZ,ZG6,Bianco,IVORY/MULTICOLOR BEIGE,Italy,100% calf leather,Alltime Handbag Purse Tote,"The Alltime handbag by Valentino Garavani is made of hammered leather with a metal Vlogo Signature element. It features a magnetic closure, suede interior with a zip pocket, and protective feet at the base. Equipped with two adjustable and removable shoulder straps for a shoulder or crossbody look. The metallic elements have an antique brass finish.",Woman > Bags > Handbags,2.0,2825.0,25.00%,-,os,2,"18,5 cm","17,5 cm",13 cm,9 cm,0,,,,,,0,,0,1950.0,"H 17.5 cm x L 18.5 x D 13.0 cm / H 6.9"" x L 7.3"" x D 5.1"""
https://www.styleisnow.com/business/handbags-valentino-garavani-242032abs000007-0no.html,,http://cdn.orderlink.it/foto/2420325W2B0Q18IMZ/5W2B0Q18IMZend-13.jpg,http://cdn.orderlink.it/foto/2420325W2B0Q18IMZ/5W2B0Q18IMZdtq-14.jpg,http://cdn.orderlink.it/foto/2420325W2B0Q18IMZ/5W2B0Q18IMZkmp-15.jpg,VALENTINO GARAVANI,242032ABS000007-0NO,Fall - Winter,2024,5W2B0Q18IMZ,0NO,Nero,NERO,Italy,100% calf leather,Medium Alltime Handbag,"The Alltime handbag by Valentino Garavani is made of hammered leather with a metal Vlogo Signature element. It features a magnetic closure, suede interior with a zip pocket, and protective feet at the base. Equipped with two adjustable and removable shoulder straps for a shoulder or crossbody look. The metallic elements have an antique brass finish.",Woman > Bags > Handbags,4.0,3210.0,25.00%,-,os,4,26 cm,21 cm,17 cm,"10,5 cm",0,,,,,,0,,0,2210.0,"H 21.0 cm x L 26.0 x D 17.0 cm / H 8.3"" x L 10.2"" x D 6.7"""
https://www.styleisnow.com/business/handbags-dolce-gabbana-242450abs000006-80999.html,,http://cdn.orderlink.it/foto/242450BB7652A1037/BB7652A1037vih-13.jpg,http://cdn.orderlink.it/foto/242450BB7652A1037/BB7652A1037gwh-14.jpg,http://cdn.orderlink.it/foto/242450BB7652A1037/BB7652A1037sle-15.jpg,DOLCE & GABBANA,242450ABS000006-80999,Fall - Winter,2024,BB7652 A1037,80999,Nero,NERO,Italy,100% calfskin,Extended Sicily Handbag With Elong,"The Sicily handbag, an icon of the brand, is here presented in a longer version in glossy leather. Custom design with bigalvanica logo plate and magnetic flap closure, leopard print fabric interior with smooth leather finishes, top handle, adjustable additional shoulder strap, and protective feet at the base. Gold-finished metal accessories complete the look.",Woman > Bags > Handbags,5.0,2375.0,32.00%,-,os,5,25 cm,16 cm,9 cm,"8,5 cm",0,,,,,,0,,0,1640.0,"H 16.0 cm x L 25.0 x D 9.0 cm / H 6.3"" x L 9.8"" x D 3.5"""
https://www.styleisnow.com/business/handbags-balmain-242007abs000009-8ag.html,,http://cdn.orderlink.it/foto/242007DN1DB526LSLX/DN1DB526LSLXdwb-13.jpg,http://cdn.orderlink.it/foto/242007DN1DB526LSLX/DN1DB526LSLXpnt-14.jpg,http://cdn.orderlink.it/foto/242007DN1DB526LSLX/DN1DB526LSLXeee-15.jpg,BALMAIN,242007ABS000009-8AG,Fall - Winter,2024,DN1DB526LSLX,8AG,Neutro,MOLE,Italy,100% calf leather,B-Buzz 23 Handbag,"B-Buzz 23 leather handbag by Balmain. Metal B closure and fabric interior with one zippered pocket and one credit card slot. Additional rear slit pocket, protectibe studs at base and detachable shoulder strap. Antique gold-finished metalware.",Woman > Bags > Handbags,1.0,2505.0,40.00%,-,os,1,23 cm,"20,5 cm","11,5 cm",4 cm,0,,,,,,0,,0,1730.0,"H 20.5 cm x L 23.0 x D 11.5 cm / H 8.1"" x L 9.1"" x D 4.5"""
https://www.styleisnow.com/business/handbags-valentino-garavani-242032abs000011-zg1.html,,http://cdn.orderlink.it/foto/2420325W2B0Q26IMZ/5W2B0Q26IMZrwk-13.jpg,http://cdn.orderlink.it/foto/2420325W2B0Q26IMZ/5W2B0Q26IMZbhy-14.jpg,http://cdn.orderlink.it/foto/2420325W2B0Q26IMZ/5W2B0Q26IMZjrm-15.jpg,VALENTINO GARAVANI,242032ABS000011-ZG1,Fall - Winter,2024,5W2B0Q26IMZ,ZG1,Marrone,ALMOND BEIGE/MULTICOLOR BEIGE,Italy,100% calf leather,Alltime Handbag Purse Tote,"The Alltime handbag by Valentino Garavani is made of hammered leather with a metal Vlogo Signature element. It features a magnetic closure, suede interior with a zip pocket, and protective feet at the base. Equipped with two adjustable and removable shoulder straps for a shoulder or crossbody look. The metallic elements have an antique brass finish.",Woman > Bags > Handbags,2.0,2825.0,25.00%,-,os,2,"18,5 cm","17,5 cm",13 cm,9 cm,0,,,,,,0,,0,1950.0,"H 17.5 cm x L 18.5 x D 13.0 cm / H 6.9"" x L 7.3"" x D 5.1"""
https://www.styleisnow.com/business/mini-bags-self-portrait-242632abs000005-blacl.html,,http://cdn.orderlink.it/foto/242632PF24309SB/PF24309SBjiy-13.jpg,http://cdn.orderlink.it/foto/242632PF24309SB/PF24309SBfsq-14.jpg,http://cdn.orderlink.it/foto/242632PF24309SB/PF24309SBxsy-15.jpg,SELF-PORTRAIT,242632ABS000005-BLACL,Fall - Winter,2024,PF24 309S B,BLACL,Nero,BLACK,Hong Kong,100% bovine leather,Smooth Leather Micro Handbag In 10 Words,"The Micro handbag by Self Portrait is made of smooth matte leather with a compact design, enriched by a crystal-studded bow on the magnetic flap. The interior features a leather lining and a slot for credit cards, while the bag also has a single top handle and a removable chain shoulder strap. The metal accessories have a silver finish.",Woman > Bags > Mini bags,2.0,565.0,32.00%,-,os,2,17 cm,12 cm,5 cm,10 cm,0,,,,,,0,,0,390.0,"H 12.0 cm x L 17.0 x D 5.0 cm / H 4.7"" x L 6.7"" x D 2.0"""
https://www.styleisnow.com/business/handbags-bally-242468abs000004-u901y.html,,http://cdn.orderlink.it/foto/242468WAH010VT710/WAH010VT710aez-13.jpg,http://cdn.orderlink.it/foto/242468WAH010VT710/WAH010VT710szh-14.jpg,http://cdn.orderlink.it/foto/242468WAH010VT710/WAH010VT710jns-15.jpg,BALLY,242468ABS000004-U901Y,Fall - Winter,2024,WAH010 VT710,U901Y,Nero,BLACK+YELGOLD,Italy,100% calf leather,Handbag Layka In Hammered Leather,"The Layka handbag by Bally is made of hammered leather with a versatile design, thanks to the top handle and additional adjustable shoulder strap. The closure is decorated with a Lock Me metal element, while the fabric-lined interior features two compartments divided by a zip pocket, an extra flat pocket with zip closure, and an open pocket. Gold-finished metal accessories complete the look.",Woman > Bags > Handbags,1.0,1670.0,30.00%,-,os,1,25 cm,16 cm,9 cm,7 cm,0,,,,,,0,,0,1150.0,"H 16.0 cm x L 25.0 x D 9.0 cm / H 6.3"" x L 9.8"" x D 3.5"""
https://www.styleisnow.com/business/handbags-jil-sander-242457abs000010-001.html,,http://cdn.orderlink.it/foto/222457J07WD0029P4866/J07WD0029P4866pcn-13.jpg,http://cdn.orderlink.it/foto/222457J07WD0029P4866/J07WD0029P4866hrj-14.jpg,http://cdn.orderlink.it/foto/222457J07WD0029P4866/J07WD0029P4866rvq-15.jpg,JIL SANDER,242457ABS000010-001,Fall - Winter,2024,J07WD0029 P4866,001,Nero,NERO,Italy,100% bovine leather,Goki Bamboo Mini Handbag,"Leather Goji mini handbag by Jil Sander with rigid bamboo handle and closure with goji berru details. Leather interior with one zippered pocket, detachable shoulder strap and contrasting lettering logo on front. Gold-finished metalware.",Woman > Bags > Handbags,2.0,2170.0,30.00%,-,os,2,21 cm,11 cm,"5,5 cm",8 cm,0,,,,,,0,,0,1500.0,"H 11.0 cm x L 21.0 x D 5.5 cm / H 4.3"" x L 8.3"" x D 2.2"""
https://www.styleisnow.com/business/handbags-ganni-242671abs000014-099.html,,http://cdn.orderlink.it/foto/241671A5740/A5740eag-13.jpg,http://cdn.orderlink.it/foto/241671A5740/A5740cgt-14.jpg,http://cdn.orderlink.it/foto/241671A5740/A5740qsg-15.jpg,GANNI,242671ABS000014-099,Fall - Winter,2024,A5740,099,Nero,BLACK,China,100%PL-R,Recycled Nylon Handbag With 9,This Ganni handbag is made of recycled polyester nylon and features a drawstring closure at the top. The handle is made of ribbon and embellished with a tonal rubber logo. It is also lined on the inside for added durability.,Woman > Bags > Handbags,10.0,150.0,30.00%,-,os,10,16 cm,16 cm,9 cm,0,0,,,,,,0,,0,100.0,"H 16.0 cm x L 16.0 x D 9.0 cm / H 6.3"" x L 6.3"" x D 3.5"""
https://www.styleisnow.com/business/handbags-ganni-242671abs000010-943.html,,http://cdn.orderlink.it/foto/241671A5743/A5743dbz-13.jpg,http://cdn.orderlink.it/foto/241671A5743/A5743zsl-14.jpg,http://cdn.orderlink.it/foto/241671A5743/A5743gaw-15.jpg,GANNI,242671ABS000010-943,Fall - Winter,2024,A5743,943,Beige,LEOPARD,China,100% REC PL,Leopard Tech Handbag,"The GANNI handbag is made of recycled technical fabric with an animal print design. It features a drawstring closure, lined interior, and a handle made of branded ribbon.",Woman > Bags > Handbags,4.0,150.0,30.00%,-,os,4,16 cm,"17,5 cm","8,5 cm","12,5 cm",0,,,,,,0,,0,100.0,"H 17.5 cm x L 16.0 x D 8.5 cm / H 6.9"" x L 6.3"" x D 3.3"""
https://www.styleisnow.com/business/handbags-anya-hindmarch-242650abs000002-natur.html,,http://cdn.orderlink.it/foto/2416505050925155120/5050925155120ack-13.jpg,http://cdn.orderlink.it/foto/2416505050925155120/5050925155120prg-14.jpg,http://cdn.orderlink.it/foto/2416505050925155120/5050925155120ddi-15.jpg,ANYA HINDMARCH,242650ABS000002-NATUR,Fall - Winter,2024,5050925155120,NATUR,Neutro,NATURAL,India,"100% seagrass, 100% leather",Paper Eyes Basket Handbag,Anya Hindmarch handbag made of woven natural seagrass with iconic applied Eyes patches and leather handles. Drawstring closure and unlined interior with a leather slit pocket.,Woman > Bags > Handbags,4.0,640.0,35.00%,-,os,4,39 cm,21 cm,13 cm,"8,5 cm",0,,,,,,0,,0,440.0,"H 21.0 cm x L 39.0 x D 13.0 cm / H 8.3"" x L 15.4"" x D 5.1"""
https://www.styleisnow.com/business/handbags-dolce-gabbana-242450abs000021-80999.html,,http://cdn.orderlink.it/foto/241450BB7603AW576/BB7603AW576wwz-13.jpg,http://cdn.orderlink.it/foto/241450BB7603AW576/BB7603AW576wbw-14.jpg,http://cdn.orderlink.it/foto/241450BB7603AW576/BB7603AW576gjv-15.jpg,DOLCE & GABBANA,242450ABS000021-80999,Fall - Winter,2024,BB7603 AW576,80999,Nero,NERO,Italy,100% calf leather,Smooth Leather 3.5 Handbag,"Dolce & Gabbana 3.5 handbag crafted in smooth leather with metal DG logo at front. Magnetic flap closure, leather-lined interior with one flat pocket, detachable leather top handle and additional chain shoulder strap. The bag is carriable as a clutch too and the metal rings on which to attach the handles are removable. Gold-finished metalware.",Woman > Bags > Handbags,6.0,1860.0,32.00%,-,os,6,19 cm,11 cm,5 cm,10 cm,0,,,,,,0,,0,1280.0,"H 11.0 cm x L 19.0 x D 5.0 cm / H 4.3"" x L 7.5"" x D 2.0"""
https://www.styleisnow.com/business/mini-bags-versace-242417abs000001-kvo41.html,,http://cdn.orderlink.it/foto/211417DBFI040DVIT2T/DBFI040DVIT2Tfyq-13.jpg,http://cdn.orderlink.it/foto/211417DBFI040DVIT2T/DBFI040DVIT2Tjra-14.jpg,http://cdn.orderlink.it/foto/211417DBFI040DVIT2T/DBFI040DVIT2Toox-15.jpg,VERSACE,242417ABS000001-KVO41,Fall - Winter,2024,DBFI040 DVIT2T,KVO41,Nero,BLACK-VERSACE GOLD,Italy,100% LH,'La Medusa' Mini Handbag,"La Medusa Mini bag by Versace crafted in grained leather, featuring flap with magnetic button closure and the iconic metal Medusa head. Single handle, removable chain shoulder strap and removable and adjustable crossbody shoulder strap in leather. Gold-tone logo lettering print on the back, side straps, leather interior with an open flat pocket. Versace Gold finished metalware.",Woman > Bags > Mini bags,4.0,2180.0,32.00%,-,os,4,20 cm,"17,5 cm",10 cm,7 cm,106 cm,,,,,,0,,0,1500.0,"H 17.5 cm x L 20.0 x D 10.0 cm / H 6.9"" x L 7.9"" x D 3.9"""
https://www.styleisnow.com/business/handbags-longchamp-242360abs000024-001.html,,http://cdn.orderlink.it/foto/231360L1512987/L1512987dxp-13.jpg,http://cdn.orderlink.it/foto/231360L1512987/L1512987hht-14.jpg,http://cdn.orderlink.it/foto/231360L1512987/L1512987rpg-15.jpg,LONGCHAMP,242360ABS000024-001,Fall - Winter,2024,L1512987,001,Nero,NERO,China,100% bovine leather,Le Pliage Xtra S Handbag,"Longchamp foldable leather small shopper with two handles and removable strap. It features a zip closure, logo zip puller, snap button flap with embossed logo. Logo twill lining, inside zip pocket and open pocket. Burnished metal hardware.",Woman > Bags > Handbags,1.0,665.0,23.00%,-,os,1,25 cm,23 cm,16 cm,11 cm,80 cm,,,,,,0,,0,460.0,"H 23.0 cm x L 25.0 x D 16.0 cm / H 9.1"" x L 9.8"" x D 6.3"""
https://www.styleisnow.com/business/handbags-longchamp-242360abs000004-292.html,,http://cdn.orderlink.it/foto/24136010144HZB/10144HZBbai-13.jpg,http://cdn.orderlink.it/foto/24136010144HZB/10144HZBppq-14.jpg,http://cdn.orderlink.it/foto/24136010144HZB/10144HZBofo-15.jpg,LONGCHAMP,242360ABS000004-292,Fall - Winter,2024,10144HZB,292,Beige,KAKI,China,"100% TR, bovine leather",Le Panier Pliage S Handbag,"Longchamp handbag crafted in straw-effect canvas and characterized by iconic contransting horse embroidery at front. Gold-tone metal snap-buttoned closure, fabric lining, leather trim and handle. Additional leather shoulder strap with gold-finished metalware.",Woman > Bags > Handbags,25.0,295.0,23.00%,-,os,25,21 cm,20 cm,14 cm,10 cm,106 cm,,,,,,0,,0,200.0,"H 20.0 cm x L 21.0 x D 14.0 cm / H 7.9"" x L 8.3"" x D 5.5"""
https://www.styleisnow.com/business/handbags-valentino-garavani-242032abs000007-zg1.html,,http://cdn.orderlink.it/foto/2420325W2B0Q18IMZ/5W2B0Q18IMZgcm-13.jpg,http://cdn.orderlink.it/foto/2420325W2B0Q18IMZ/5W2B0Q18IMZdmf-14.jpg,http://cdn.orderlink.it/foto/2420325W2B0Q18IMZ/5W2B0Q18IMZqiv-15.jpg,VALENTINO GARAVANI,242032ABS000007-ZG1,Fall - Winter,2024,5W2B0Q18IMZ,ZG1,Marrone,ALMOND BEIGE/MULTICOLOR BEIGE,Italy,100% calf leather,Medium Alltime Handbag,"The Alltime handbag by Valentino Garavani is made of hammered leather with a metal Vlogo Signature element. It features a magnetic closure, suede interior with a zip pocket, and protective feet at the base. Equipped with two adjustable and removable shoulder straps for a shoulder or crossbody look. The metallic elements have an antique brass finish.",Woman > Bags > Handbags,1.0,3210.0,25.00%,-,os,1,26 cm,21 cm,17 cm,"10,5 cm",0,,,,,,0,,0,2210.0,"H 21.0 cm x L 26.0 x D 17.0 cm / H 8.3"" x L 10.2"" x D 6.7"""
https://www.styleisnow.com/business/handbags-dolce-gabbana-242450abs000012-hnxuw.html,,http://cdn.orderlink.it/foto/242450BB7695AW163/BB7695AW163zrk-13.jpg,http://cdn.orderlink.it/foto/242450BB7695AW163/BB7695AW163eos-14.jpg,http://cdn.orderlink.it/foto/242450BB7695AW163/BB7695AW163dgl-15.jpg,DOLCE & GABBANA,242450ABS000012-HNXUW,Fall - Winter,2024,BB7695 AW163,HNXUW,Bianco,POIS GRANDE BCO/NERO,Italy,90% corn 5% calf leatehrf 5% CO,Kendra Handbag Purse Tote,"The Kendra handbag by Dolce & Gabbana is made of woven raffia with a contrasting leather DG logo. It features a lace-up closure, removable silk twill handles, and a polka dot print interior with one open pocket and one zippered pocket. Protective feet at the base, adjustable and removable shoulder strap, and gold-finished metal accessories complete the design.",Woman > Bags > Handbags,1.0,1925.0,32.00%,-,os,1,35 cm,17 cm,16 cm,7 cm,0,,,,,,0,,0,1330.0,"H 17.0 cm x L 35.0 x D 16.0 cm / H 6.7"" x L 13.8"" x D 6.3"""
https://www.styleisnow.com/business/handbags-versace-242417abs000007-1b00v.html,,http://cdn.orderlink.it/foto/24241710131691A08724/10131691A08724ung-13.jpg,http://cdn.orderlink.it/foto/24241710131691A08724/10131691A08724vmd-14.jpg,http://cdn.orderlink.it/foto/24241710131691A08724/10131691A08724keh-15.jpg,VERSACE,242417ABS000007-1B00V,Fall - Winter,2024,1013169 1A08724,1B00V,Nero,BLACK-VERSACE GOLD,Italy,100% calfskin,Medusa '95 Handbag,"This small horizontal shopper bag from Versace is made of crocodile print leather and features a strap embellished with the iconic Medusa '95 customization. It has a double magnetic button closure, a nappa-lined interior with an open pocket, expandable sides with cinch straps, and metal feet at the base. The design is versatile thanks to the double handle and additional adjustable shoulder strap. Metal accessories have a gold finish.",Woman > Bags > Handbags,2.0,2310.0,32.00%,-,os,2,23 cm,14 cm,8 cm,12 cm,0,,,,,,0,,0,1590.0,"H 14.0 cm x L 23.0 x D 8.0 cm / H 5.5"" x L 9.1"" x D 3.1"""
https://www.styleisnow.com/business/handbags-balmain-242007abs000001-gem.html,,http://cdn.orderlink.it/foto/242007DN1DB530TCFE/DN1DB530TCFElxp-13.jpg,http://cdn.orderlink.it/foto/242007DN1DB530TCFE/DN1DB530TCFEabc-14.jpg,http://cdn.orderlink.it/foto/242007DN1DB530TCFE/DN1DB530TCFEgaf-15.jpg,BALMAIN,242007ABS000001-GEM,Fall - Winter,2024,DN1DB530TCFE,GEM,Beige,NATUREL/BROWN,Italy,58%CO 42%LI 100%calf leather,B-Buzz 23 Handbag,"B-Buzz 23 handbag by Balmain crafted in cotton and linen canvas with smooth leather trimmings. Metal B closure and fabric interior with one zippered pocket and one credit card slot. Additional rear slit pocket, protectibe studs at base and detachable shoulder strap. Antique gold-finished metalware.",Woman > Bags > Handbags,2.0,2375.0,40.00%,-,os,2,23 cm,"20,5 cm","11,5 cm",4 cm,0,,,,,,0,,0,1640.0,"H 20.5 cm x L 23.0 x D 11.5 cm / H 8.1"" x L 9.1"" x D 4.5"""
https://www.styleisnow.com/business/mini-bags-jimmy-choo-242516abs000009-a0013.html,,http://cdn.orderlink.it/foto/242516DIAMONDLINKTHSHRB/DIAMONDLINKTHSHRBuyz-13.jpg,http://cdn.orderlink.it/foto/242516DIAMONDLINKTHSHRB/DIAMONDLINKTHSHRBsot-14.jpg,http://cdn.orderlink.it/foto/242516DIAMONDLINKTHSHRB/DIAMONDLINKTHSHRBdxh-15.jpg,JIMMY CHOO,242516ABS000009-A0013,Fall - Winter,2024,DIAMOND LINK TH S HRB,A0013,Rosa,ROSE GOLD,Italy,90%calfskin 10%BR,Mini Diamond Link Leather Lizard Print Handbag,"The mini Jimmy Choo bag is made of lizard print leather and features a gold metal Diamond chain on the front. It has a magnetic closure, a satin grosgrain interior with two compartments divided by a slit pocket, and an additional slot for credit cards. The single handle allows for a handheld look, while the extra shoulder strap offers a crossbody option.",Woman > Bags > Mini bags,2.0,1735.0,28.00%,-,os,2,18 cm,13 cm,9 cm,8 cm,0,,,,,,0,,0,1200.0,"H 13.0 cm x L 18.0 x D 9.0 cm / H 5.1"" x L 7.1"" x D 3.5"""
https://www.styleisnow.com/business/handbags-salvatore-ferragamo-242400abs000004-002pr.html,,http://cdn.orderlink.it/foto/2424002194350774756/2194350774756rky-13.jpg,http://cdn.orderlink.it/foto/2424002194350774756/2194350774756hnm-14.jpg,http://cdn.orderlink.it/foto/2424002194350774756/2194350774756xlx-15.jpg,FERRAGAMO,242400ABS000004-002PR,Fall - Winter,2024,2194350774756,002PR,Verde,PROVANCE LAVANDER,Italy,100%calfskin 100%CY,Hug Handbag With Crystals (S),"FERRAGAMO presents a sparkling version of the Hug handbag, made of suede leather and enriched with hand-applied micro crystals. A typical construction from the collection, with enveloping sides and adjustable Gancini buckles in silver metal. Smooth leather interior with two credit card slots and attachments for the additional and adjustable shoulder strap, double top handle and removable matching keychain charm.",Woman > Bags > Handbags,2.0,3785.0,30.00%,-,os,2,"22,5 cm",14 cm,11 cm,7 cm,0,,,,,,0,,8056283730884                                     ,2610.0,"H 14.0 cm x L 22.5 x D 11.0 cm / H 5.5"" x L 8.9"" x D 4.3"""
https://www.styleisnow.com/business/mini-bags-self-portrait-242632abs000008-silve.html,,http://cdn.orderlink.it/foto/242632PF24309SSIL/PF24309SSILouj-13.jpg,http://cdn.orderlink.it/foto/242632PF24309SSIL/PF24309SSILflc-14.jpg,http://cdn.orderlink.it/foto/242632PF24309SSIL/PF24309SSILfqd-15.jpg,SELF-PORTRAIT,242632ABS000008-SILVE,Fall - Winter,2024,PF24 309S SIL,SILVE,Argento,SILVER,Hong Kong,100% bovine leather,Micro Laminated Leather Handbag,"The Micro handbag by Self Portrait is made of laminated leather with a compact design, enriched by a crystal-studded bow on the magnetic flap. The interior features a leather lining and a credit card slot, while the bag also has a single top handle and a removable chain shoulder strap. The metal accessories have a silver finish.",Woman > Bags > Mini bags,3.0,565.0,32.00%,-,os,3,17 cm,12 cm,5 cm,10 cm,0,,,,,,0,,0,390.0,"H 12.0 cm x L 17.0 x D 5.0 cm / H 4.7"" x L 6.7"" x D 2.0"""
https://www.styleisnow.com/business/handbags-jimmy-choo-242516abs000007-a0005.html,,http://cdn.orderlink.it/foto/242516BONBONVKM/BONBONVKMqbs-13.jpg,http://cdn.orderlink.it/foto/242516BONBONVKM/BONBONVKMuii-14.jpg,http://cdn.orderlink.it/foto/242516BONBONVKM/BONBONVKMyta-15.jpg,JIMMY CHOO,242516ABS000007-A0005,Fall - Winter,2024,BON BON VKM,A0005,Nero,BLACK CRYSTAL,Italy,50% TR 30% CY 20% BR,Bon Bon Handbag,"Bon Bon bucket bag by JIMMY CHOO crafted in satin and characterized by the rigid metal handle with crystals all-over. Chain shoulder strap, metal drawstring closure with tassel ends and branded stopper. Satin lining. Silver-finished metalware.",Woman > Bags > Handbags,3.0,2045.0,28.00%,-,os,3,14 cm,15 cm,10 cm,8 cm,104 cm,,,,,,0,,194611542742                                      ,1410.0,"H 15.0 cm x L 14.0 x D 10.0 cm / H 5.9"" x L 5.5"" x D 3.9"""
https://www.styleisnow.com/business/handbags-balmain-242007abs000018-gem.html,,http://cdn.orderlink.it/foto/241007CN1DA829TCFE/CN1DA829TCFEngd-13.jpg,http://cdn.orderlink.it/foto/241007CN1DA829TCFE/CN1DA829TCFEqzt-14.jpg,http://cdn.orderlink.it/foto/241007CN1DA829TCFE/CN1DA829TCFEkux-15.jpg,BALMAIN,242007ABS000018-GEM,Fall - Winter,2024,DN1DA829TCFE,GEM,Marrone,NATUREL/BROWN,Italy,58% CO 42% LI,B-Buzz 24 Handbag,"B-Buzz 24 handbag by Balmain made of cotton-linen canvas with leather trim. B-Twist closure, interior consisting of three gusseted compartments with an open pocket and a credit card slot, adjustable and detachable shoulder strap, and gold-finished metalware.",Woman > Bags > Handbags,1.0,1915.0,40.00%,-,os,1,24 cm,13 cm,7 cm,4 cm,0,,,,,,0,,0,1320.0,"H 13.0 cm x L 24.0 x D 7.0 cm / H 5.1"" x L 9.4"" x D 2.8"""
https://www.styleisnow.com/business/handbags-marni-242418abs000003-00n99.html,,http://cdn.orderlink.it/foto/242418SBMP0179Q0P3860/SBMP0179Q0P3860yfp-13.jpg,http://cdn.orderlink.it/foto/242418SBMP0179Q0P3860/SBMP0179Q0P3860wnv-14.jpg,http://cdn.orderlink.it/foto/242418SBMP0179Q0P3860/SBMP0179Q0P3860gqq-15.jpg,MARNI,242418ABS000003-00N99,Fall - Winter,2024,SBMP0179Q0 P3860,00N99,Nero,BLACK,Italy,52% CO 48% PA,Tropicalia Handbag,"The Marni Tropicalia handbag is made of raffia-effect fabric with matching leather trims, handles and base. The contrasting embroidered logo adds a touch of elegance. It features a magnetic closure, a fabric-lined interior with a credit card slot, and an adjustable and removable leather shoulder strap. The gold-finished metal accessories complete the look.",Woman > Bags > Handbags,14.0,1020.0,38.00%,-,os,14,28 cm,"30,5 cm","7,5 cm",4 cm,0,,,,,,0,,0,700.0,"H 30.5 cm x L 28.0 x D 7.5 cm / H 12.0"" x L 11.0"" x D 3.0"""
https://www.styleisnow.com/business/handbags-off-white-242411abs000001-1000n.html,,http://cdn.orderlink.it/foto/241411OWNN174S24LEA001/OWNN174S24LEA001fzk-13.jpg,http://cdn.orderlink.it/foto/241411OWNN174S24LEA001/OWNN174S24LEA001lkp-14.jpg,http://cdn.orderlink.it/foto/241411OWNN174S24LEA001/OWNN174S24LEA001rat-15.jpg,OFF-WHITE,242411ABS000001-1000N,Fall - Winter,2024,OWNN174S24LEA001,1000N,Nero,BLACK NO COLOR,Italy,100% calf leather,Arcade Handbag For Women,The Arcade handbag by Off-White is made of crinkled leather and features a silver logo lettering on the front and iconic rutenium-finished metal Arrow appliqués on the sides. It has a zip closure and a lined interior with a credit card slot.,Woman > Bags > Handbags,1.0,885.0,30.00%,-,os,1,31 cm,11 cm,11 cm,16 cm,0,,,,,,0,,0,610.0,"H 11.0 cm x L 31.0 x D 11.0 cm / H 4.3"" x L 12.2"" x D 4.3"""
https://www.styleisnow.com/business/mini-bags-lanvin-242479abs000002-10.html,,http://cdn.orderlink.it/foto/242479LWBGBR05PALME20/LWBGBR05PALME20lbg-13.jpg,http://cdn.orderlink.it/foto/242479LWBGBR05PALME20/LWBGBR05PALME20ctc-14.jpg,http://cdn.orderlink.it/foto/242479LWBGBR05PALME20/LWBGBR05PALME20abc-15.jpg,LANVIN,242479ABS000002-10,Fall - Winter,2024,LW BGBR05 PALM E20,10,Nero,NOIR,Italy,100% calf leather,Medium Pencil Cat Handbag,"The Lanvin Pencil Cat medium handbag is made of leather and has a rigid structure. It features a sculptural handle inspired by the winged designs of Jeanne Lanvin, created by designer Armand-Albert Rateau. The bag has a snap closure with a logo plaque on the flap, a suede interior with an open card slot, and protective feet at the base. It comes with an adjustable and removable shoulder strap. All metal hardware is finished in gold.",Woman > Bags > Mini bags,2.0,4350.0,35.00%,-,os,2,"27,5 cm","11,5 cm",9 cm,5 cm,0,,,,,,0,,0,3000.0,"H 11.5 cm x L 27.5 x D 9.0 cm / H 4.5"" x L 10.8"" x D 3.5"""
https://www.styleisnow.com/business/handbags-dolce-gabbana-242450abs000006-80002.html,,http://cdn.orderlink.it/foto/242450BB7652A1037/BB7652A1037auj-13.jpg,http://cdn.orderlink.it/foto/242450BB7652A1037/BB7652A1037avx-14.jpg,http://cdn.orderlink.it/foto/242450BB7652A1037/BB7652A1037jst-15.jpg,DOLCE & GABBANA,242450ABS000006-80002,Fall - Winter,2024,BB7652 A1037,80002,Bianco,BIANCO OTTICO,Italy,100% calfskin,Extended Sicily Handbag With Elong,"The Sicily handbag, an icon of the brand, is here presented in a longer version in glossy leather. Custom design with bigalvanica logo plate and magnetic flap closure, leopard print fabric interior with smooth leather finishes, top handle, adjustable additional shoulder strap, and protective feet at the base. Gold-finished metal accessories complete the look.",Woman > Bags > Handbags,4.0,2375.0,32.00%,-,os,4,25 cm,16 cm,9 cm,"8,5 cm",0,,,,,,0,,0,1640.0,"H 16.0 cm x L 25.0 x D 9.0 cm / H 6.3"" x L 9.8"" x D 3.5"""
https://www.styleisnow.com/business/handbags-marni-242418abs000003-00m50.html,,http://cdn.orderlink.it/foto/242418SBMP0179Q0P3860/SBMP0179Q0P3860rmq-13.jpg,http://cdn.orderlink.it/foto/242418SBMP0179Q0P3860/SBMP0179Q0P3860czm-14.jpg,http://cdn.orderlink.it/foto/242418SBMP0179Q0P3860/SBMP0179Q0P3860jep-15.jpg,MARNI,242418ABS000003-00M50,Fall - Winter,2024,SBMP0179Q0 P3860,00M50,Marrone,RAW SIENNA,Italy,52% CO 48% PA,Tropicalia Handbag,"The Marni Tropicalia handbag is made of raffia-effect fabric with leather trims, handles and base. The contrasting embroidered logo adds a touch of elegance. It features a magnetic closure, a fabric-lined interior with a credit card slot, and an adjustable and removable leather shoulder strap. The gold-finished metal accessories complete the look.",Woman > Bags > Handbags,15.0,1020.0,38.00%,-,os,15,28 cm,"30,5 cm","7,5 cm",4 cm,0,,,,,,0,,0,700.0,"H 30.5 cm x L 28.0 x D 7.5 cm / H 12.0"" x L 11.0"" x D 3.0"""
https://www.styleisnow.com/business/handbags-salvatore-ferragamo-242400abs000014-001wc.html,,http://cdn.orderlink.it/foto/2424002194510774744/2194510774744ako-13.jpg,http://cdn.orderlink.it/foto/2424002194510774744/2194510774744exo-14.jpg,http://cdn.orderlink.it/foto/2424002194510774744/2194510774744wam-15.jpg,FERRAGAMO,242400ABS000014-001WC,Fall - Winter,2024,2194510774744,001WC,Marrone,NEW COGNAC,Italy,100% calfskin,Handbag With Handle,"The Hug handbag by FERRAGAMO, made of smooth leather, is presented here in a new version with precious interwoven details on the handles and removable keychain case. Its iconic design features a wrap-around construction along the sides, complete with Gancini buckles. It has a hook closure, a leather interior with a zip pocket, and protective metal feet. The hardware is finished in platinum.",Woman > Bags > Handbags,2.0,3015.0,30.00%,-,os,2,"31,5 cm",22 cm,19 cm,0,0,,,,,,0,,8056283730792                                     ,2080.0,"H 22.0 cm x L 31.5 x D 19.0 cm / H 8.7"" x L 12.4"" x D 7.5"""
https://www.styleisnow.com/business/mini-bags-tod-s-242727abs000011-2l07.html,,http://cdn.orderlink.it/foto/242727XBWAPAFL000QRI/XBWAPAFL000QRIavo-13.jpg,http://cdn.orderlink.it/foto/242727XBWAPAFL000QRI/XBWAPAFL000QRIjsr-14.jpg,http://cdn.orderlink.it/foto/242727XBWAPAFL000QRI/XBWAPAFL000QRIjio-15.jpg,TOD'S,242727ABS000011-2L07,Fall - Winter,2024,XBWAPAFL000QRI,2L07,Rosa,M011(BALLERINA)+C413(CRETA CH),Italy,100% calfskin,Micro Leather Handbag,"This Tod's mini bag is made of hammered leather with an embossed logo and flat handles. It features a hook closure, and the interior has a central compartment with two flat pockets that act as dividers. The removable T Timless accessory in metal and protective feet at the base add to its functionality. The adjustable and removable shoulder strap and silver-finished hardware complete the design.",Woman > Bags > Mini bags,3.0,1410.0,35.00%,-,os,3,16 cm,13 cm,10 cm,"9,5 cm",0,,,,,,0,,0,970.0,"H 13.0 cm x L 16.0 x D 10.0 cm / H 5.1"" x L 6.3"" x D 3.9"""
https://www.styleisnow.com/business/handbags-dolce-gabbana-242450abs000017-hg3ob.html,,http://cdn.orderlink.it/foto/242450BB6003AW050/BB6003AW050zrc-13.jpg,http://cdn.orderlink.it/foto/242450BB6003AW050/BB6003AW050ksa-14.jpg,http://cdn.orderlink.it/foto/242450BB6003AW050/BB6003AW050fko-15.jpg,DOLCE & GABBANA,242450ABS000017-HG3OB,Fall - Winter,2024,BB6003 AW050,HG3OB,Giallo,AZULEJOS GIALLO,Italy,70%CO 30%calfskin,Medium Sicily Handbag With Maiolica Embroidery,"The medium Sicily handbag by Dolce & Gabbana is made of cotton and embellished with embroidered Maiolica pattern, inspired by the ancient ceramics of Caltagirone. It features leather details, a magnetic front flap closure, finished with a branded metal plate, fabric interior with a credit card slot, single handle and adjustable additional shoulder strap. The accessories are in gold-finished metal.",Woman > Bags > Handbags,2.0,2505.0,32.00%,-,os,2,20 cm,17 cm,10 cm,8 cm,0,,,,,,0,,0,1730.0,"H 17.0 cm x L 20.0 x D 10.0 cm / H 6.7"" x L 7.9"" x D 3.9"""
https://www.styleisnow.com/business/mini-bags-tod-s-242727abs000012-2l07.html,,http://cdn.orderlink.it/foto/242727XBWAPAT9000QRI/XBWAPAT9000QRIgtd-13.jpg,http://cdn.orderlink.it/foto/242727XBWAPAT9000QRI/XBWAPAT9000QRItbk-14.jpg,http://cdn.orderlink.it/foto/242727XBWAPAT9000QRI/XBWAPAT9000QRIyxh-15.jpg,TOD'S,242727ABS000012-2L07,Fall - Winter,2024,XBWAPAT9000QRI,2L07,Rosa,M011(BALLERINA)+C413(CRETA CH),Italy,100% calfskin,Mini Leather Handbag,"This mini Tod's bag is made of hammered leather with an embossed lettering logo and a removable T Timeless accessory in silver metal. The interior features a central open pocket, protective feet at the base, and an adjustable and removable shoulder strap.",Woman > Bags > Mini bags,4.0,1220.0,35.00%,-,os,4,14 cm,16 cm,"7,5 cm",8 cm,0,,,,,,0,,0,840.0,"H 16.0 cm x L 14.0 x D 7.5 cm / H 6.3"" x L 5.5"" x D 3.0"""
https://www.styleisnow.com/business/mini-bags-tod-s-242727abs000012-036f.html,,http://cdn.orderlink.it/foto/242727XBWAPAT9000QRI/XBWAPAT9000QRIvbf-13.jpg,http://cdn.orderlink.it/foto/242727XBWAPAT9000QRI/XBWAPAT9000QRImoi-14.jpg,http://cdn.orderlink.it/foto/242727XBWAPAT9000QRI/XBWAPAT9000QRIsrf-15.jpg,TOD'S,242727ABS000012-036F,Fall - Winter,2024,XBWAPAT9000QRI,036F,Grigio,C413(CRETA CH)+B999(NERO),Italy,100% calfskin,Mini Leather Handbag,"This mini Tod's bag is made of hammered leather with an embossed lettering logo and a removable T Timeless accessory in silver metal. The interior features a central open pocket, protective feet at the base, and an adjustable and removable shoulder strap.",Woman > Bags > Mini bags,4.0,1220.0,35.00%,-,os,4,14 cm,16 cm,"7,5 cm",8 cm,0,,,,,,0,,0,840.0,"H 16.0 cm x L 14.0 x D 7.5 cm / H 6.3"" x L 5.5"" x D 3.0"""
https://www.styleisnow.com/business/handbags-golden-goose-242571fbs000004-90100.html,,http://cdn.orderlink.it/foto/242571GWA00467A000565/GWA00467A000565vns-13.jpg,http://cdn.orderlink.it/foto/242571GWA00467A000565/GWA00467A000565qmj-14.jpg,http://cdn.orderlink.it/foto/242571GWA00467A000565/GWA00467A000565dec-15.jpg,GOLDEN GOOSE,242571FBS000004-90100,Fall - Winter,2024,GWA00467 A000565,90100,Nero,BLACK,Italy,100% cow leather,'Venice Leather Handbag With Palmell,"The Golden Goose Venice handbag is made of palmellata leather, with a rigid and geometric structure and a front closure in branded metal. It features a flap, leather interior, a main compartment with a credit card slot, and a front gusseted pocket. The bag has a single handle and an additional adjustable shoulder strap for a crossbody look. The metal accessories have a gold finish.",Woman > Bags > Handbags,2.0,1140.0,35.00%,-,os,2,22 cm,15 cm,"7,5 cm",4 cm,0,,,,,,0,,0,790.0,"H 15.0 cm x L 22.0 x D 7.5 cm / H 5.9"" x L 8.7"" x D 3.0"""
https://www.styleisnow.com/business/mini-bags-golden-goose-242571fbs000003-15219.html,,http://cdn.orderlink.it/foto/242571GWA00468A000565/GWA00468A000565tlq-13.jpg,http://cdn.orderlink.it/foto/242571GWA00468A000565/GWA00468A000565kzc-14.jpg,http://cdn.orderlink.it/foto/242571GWA00468A000565/GWA00468A000565ubi-15.jpg,GOLDEN GOOSE,242571FBS000003-15219,Fall - Winter,2024,GWA00468 A000565,15219,Beige,CAPPUCCINO,Italy,100% cow leather,Mini Venice Leather Palmellata Handbag,"The Golden Goose mini Venice bag is made of palmellata leather, with a rigid and geometric structure and a front closure in branded metal. It features a flap, leather interior, a main compartment with a credit card slot, and a front gusseted pocket. The bag has a single handle and an additional adjustable crossbody strap for a versatile look. The metal accessories have a gold finish.",Woman > Bags > Mini bags,2.0,885.0,35.00%,-,os,2,"18,5 cm",10 cm,"7,5 cm",4 cm,0,,,,,,0,,0,610.0,"H 10.0 cm x L 18.5 x D 7.5 cm / H 3.9"" x L 7.3"" x D 3.0"""
https://www.styleisnow.com/business/handbags-golden-goose-242571fbs000002-90100.html,,http://cdn.orderlink.it/foto/242571GWA00470A000602/GWA00470A000602qqy-13.jpg,http://cdn.orderlink.it/foto/242571GWA00470A000602/GWA00470A000602wlq-14.jpg,http://cdn.orderlink.it/foto/242571GWA00470A000602/GWA00470A000602pqy-15.jpg,GOLDEN GOOSE,242571FBS000002-90100,Fall - Winter,2024,GWA00470 A000602,90100,Nero,BLACK,Italy,100% goat leather,Leather Handbag For Everyday Use.,The Golden Goose Vita handbag is made of hammered leather and features a slightly rounded shape. It comes with a removable clasp and has an interlock closure with zip. The interior is lined with fabric and includes one zip pocket and two open pockets. Protective feet are located on the bottom. It has both a double top handle and an adjustable crossbody strap for versatile wear. The design is completed with laminated logo lettering on the front and gold-finished hardware.,Woman > Bags > Handbags,1.0,1270.0,35.00%,-,os,1,25 cm,17 cm,10 cm,14 cm,0,,,,,,0,,0,880.0,"H 17.0 cm x L 25.0 x D 10.0 cm / H 6.7"" x L 9.8"" x D 3.9"""
https://www.styleisnow.com/business/handbags-golden-goose-242571fbs000002-35668.html,,http://cdn.orderlink.it/foto/242571GWA00470A000602/GWA00470A000602lui-13.jpg,http://cdn.orderlink.it/foto/242571GWA00470A000602/GWA00470A000602azw-14.jpg,http://cdn.orderlink.it/foto/242571GWA00470A000602/GWA00470A000602bks-15.jpg,GOLDEN GOOSE,242571FBS000002-35668,Fall - Winter,2024,GWA00470 A000602,35668,Khaki,SAGE GREEN,Italy,100% goat leather,Leather Handbag For Everyday Use.,The Golden Goose Vita handbag is made of hammered leather and features a slightly rounded shape. It comes with a removable clasp and has an interlock closure with zip. The interior is lined with fabric and includes one zip pocket and two open pockets. Protective feet are located on the bottom. It has both a double top handle and an adjustable crossbody strap for versatile wear. The design is completed with laminated logo lettering on the front and gold-finished hardware.,Woman > Bags > Handbags,2.0,1270.0,35.00%,-,os,2,25 cm,17 cm,10 cm,14 cm,0,,,,,,0,,0,880.0,"H 17.0 cm x L 25.0 x D 10.0 cm / H 6.7"" x L 9.8"" x D 3.9"""
https://www.styleisnow.com/business/crossbody-and-shoulder-bags-marc-jacobs-242445abs000014-545.html,,http://cdn.orderlink.it/foto/2424452P4HCR014H03/2P4HCR014H03fgr-13.jpg,http://cdn.orderlink.it/foto/2424452P4HCR014H03/2P4HCR014H03onm-14.jpg,http://cdn.orderlink.it/foto/2424452P4HCR014H03/2P4HCR014H03gfu-15.jpg,MARC JACOBS,242445ABS000014-545,Fall - Winter,2024,2P4HCR014H03,545,Viola,WISTERIA,Philippines,100% PVC,The Jelly Snapshot Handbag,"The Jelly Snapshot Bag by Marc Jacobs is made of transparent PVC with a matte finish. It features two separate compartments, both closed with zippers and adorned with a metal Double-J monogram on the front. The bag also comes with a removable and adjustable jacquard fabric shoulder strap, featuring a contrasting logo along its entire length. A flat back pocket and an embossed top logo complete the design. All accessories are finished in silver metal.",Woman > Bags > Crossbody and Shoulder bags,6.0,450.0,40.00%,-,os,6,18 cm,11 cm,6 cm,0,144 cm,,,,,,0,,0,310.0,"H 11.0 cm x L 18.0 x D 6.0 cm / H 4.3"" x L 7.1"" x D 2.4"""
https://www.styleisnow.com/business/handbags-longchamp-242360abs000025-p54.html,,http://cdn.orderlink.it/foto/242360L1621919/L1621919jhr-13.jpg,http://cdn.orderlink.it/foto/242360L1621919/L1621919wjo-14.jpg,http://cdn.orderlink.it/foto/242360L1621919/L1621919mbf-15.jpg,LONGCHAMP,242360ABS000025-P54,Fall - Winter,2024,L1621919,P54,Arancio,ARANCIO,France,100% PA - 100% leather,Le Pliage Green S Handbag,"Longchamp foldable nylon LE PLIAGE GREEN mini shopping bag with leather double handle and flap with embossed logo and press-stud. Logo embroidered on front, zip closure, silver-tone metal logo zip puller. Unlined, one inner open flat pocket.",Woman > Bags > Handbags,14.0,140.0,23.00%,-,os,14,22 cm,21 cm,14 cm,10 cm,0,,,,,,0,,0,100.0,"H 21.0 cm x L 22.0 x D 14.0 cm / H 8.3"" x L 8.7"" x D 5.5"""
https://www.styleisnow.com/business/handbags-jacquemus-242884abs000025-100.html,,http://cdn.orderlink.it/foto/232884213BA0043000/213BA0043000qpj-13.jpg,http://cdn.orderlink.it/foto/232884213BA0043000/213BA0043000pxu-14.jpg,http://cdn.orderlink.it/foto/232884213BA0043000/213BA0043000xtq-15.jpg,JACQUEMUS,242884ABS000025-100,Fall - Winter,2024,213BA004 3000,100,Bianco,WHITE,Italy,100% cow leather,Le Chiquito Long Handbag,"Le Chiquito Long bag by Jacquemus crafted in smooth leather and characterized by the elongated trapeze line. Single rigid top handle, removable and adjustable strap. Flap with double magnetic closure and metal lettering logo applied on front. Fabric lining and one inner credit card pocket. Gold-finished metalware.",Woman > Bags > Handbags,4.0,885.0,30.00%,-,os,4,22 cm,"10,5 cm","5,5 cm",6 cm,106 cm,,,,,,0,,0,610.0,"H 10.5 cm x L 22.0 x D 5.5 cm / H 4.1"" x L 8.7"" x D 2.2"""
https://www.styleisnow.com/business/handbags-strathberry-242362abs000008-100.html,,http://cdn.orderlink.it/foto/23236220231125680/20231125680imn-13.jpg,http://cdn.orderlink.it/foto/23236220231125680/20231125680hxs-14.jpg,http://cdn.orderlink.it/foto/23236220231125680/20231125680fyg-15.jpg,STRATHBERRY,242362ABS000008-100,Fall - Winter,2024,20231 125 680 100,100,Nero,BLACK,Spain,100% calf leather,'Mosaic' Handbag,"Strathberry ""Mosaic"" handbag crafted in grained leather and featuring the iconic metal bar applied to the flap. Magnetic closure, suede interior with one zippered pocket and detachable, adjustable shoulder strap. Gold-finished metalware.",Woman > Bags > Handbags,4.0,745.0,28.00%,-,os,4,23 cm,16 cm,12 cm,7 cm,0,,,,,,0,,0,510.0,"H 16.0 cm x L 23.0 x D 12.0 cm / H 6.3"" x L 9.1"" x D 4.7"""
https://www.styleisnow.com/business/handbags-golden-goose-242571fbs000004-40242.html,,http://cdn.orderlink.it/foto/242571GWA00467A000565/GWA00467A000565edz-13.jpg,http://cdn.orderlink.it/foto/242571GWA00467A000565/GWA00467A000565pjk-14.jpg,http://cdn.orderlink.it/foto/242571GWA00467A000565/GWA00467A000565eur-15.jpg,GOLDEN GOOSE,242571FBS000004-40242,Fall - Winter,2024,GWA00467 A000565,40242,Viola,BURGUNDY,Italy,100% cow leather,'Venice Leather Handbag With Palmell,"The Golden Goose Venice handbag is made of palmellata leather, with a rigid and geometric structure and a front closure in branded metal. It features a flap, leather interior, a main compartment with a credit card slot, and a front gusseted pocket. The bag has a single handle and an additional adjustable shoulder strap for a crossbody look. The metal accessories have a gold finish.",Woman > Bags > Handbags,2.0,1140.0,35.00%,-,os,2,22 cm,15 cm,"7,5 cm",4 cm,0,,,,,,0,,0,790.0,"H 15.0 cm x L 22.0 x D 7.5 cm / H 5.9"" x L 8.7"" x D 3.0"""
https://www.styleisnow.com/business/handbags-golden-goose-242571fbs000004-15219.html,,http://cdn.orderlink.it/foto/242571GWA00467A000565/GWA00467A000565aww-13.jpg,http://cdn.orderlink.it/foto/242571GWA00467A000565/GWA00467A000565vkb-14.jpg,http://cdn.orderlink.it/foto/242571GWA00467A000565/GWA00467A000565sek-15.jpg,GOLDEN GOOSE,242571FBS000004-15219,Fall - Winter,2024,GWA00467 A000565,15219,Beige,CAPPUCCINO,Italy,100% cow leather,'Venice Leather Handbag With Palmell,"The Golden Goose Venice handbag is made of palmellata leather, with a rigid and geometric structure and a front closure in branded metal. It features a flap, leather interior, a main compartment with a credit card slot, and a front gusseted pocket. The bag has a single handle and an additional adjustable shoulder strap for a crossbody look. The metal accessories have a gold finish.",Woman > Bags > Handbags,2.0,1140.0,35.00%,-,os,2,22 cm,15 cm,"7,5 cm",4 cm,0,,,,,,0,,0,790.0,"H 15.0 cm x L 22.0 x D 7.5 cm / H 5.9"" x L 8.7"" x D 3.0"""
https://www.styleisnow.com/business/mini-bags-golden-goose-242571fbs000003-90100.html,,http://cdn.orderlink.it/foto/242571GWA00468A000565/GWA00468A000565cnd-13.jpg,http://cdn.orderlink.it/foto/242571GWA00468A000565/GWA00468A000565dut-14.jpg,http://cdn.orderlink.it/foto/242571GWA00468A000565/GWA00468A000565gto-15.jpg,GOLDEN GOOSE,242571FBS000003-90100,Fall - Winter,2024,GWA00468 A000565,90100,Nero,BLACK,Italy,100% cow leather,Mini Venice Leather Palmellata Handbag,"The Golden Goose mini Venice bag is made of palmellata leather, with a rigid and geometric structure and a front closure in branded metal. It features a flap, leather interior, a main compartment with a credit card slot, and a front gusseted pocket. The bag has a single handle and an additional adjustable crossbody strap for a versatile look. The metal accessories have a gold finish.",Woman > Bags > Mini bags,1.0,885.0,35.00%,-,os,1,"18,5 cm",10 cm,"7,5 cm",4 cm,0,,,,,,0,,0,610.0,"H 10.0 cm x L 18.5 x D 7.5 cm / H 3.9"" x L 7.3"" x D 3.0"""
https://www.styleisnow.com/business/handbags-longchamp-242360abs000017-p88.html,,http://cdn.orderlink.it/foto/242360L1621089/L1621089atb-13.jpg,http://cdn.orderlink.it/foto/242360L1621089/L1621089roq-14.jpg,http://cdn.orderlink.it/foto/242360L1621089/L1621089gjg-15.jpg,LONGCHAMP,242360ABS000017-P88,Fall - Winter,2024,L1621089,P88,Verde,VERDE,France,"100% PA, 100% leather",Le Pliage Original S Handbag,"Longchamp foldable Le Pliage Small shopping bag with leather handles and zip closure with logo zip puller. Leather flap with snap button and embossed logo, inside two open pockets. Unlined. Gold-tone metal hardware.",Woman > Bags > Handbags,9.0,140.0,23.00%,-,os,9,23 cm,21 cm,14 cm,9 cm,0,,,,,,0,,0,100.0,"H 21.0 cm x L 23.0 x D 14.0 cm / H 8.3"" x L 9.1"" x D 5.5"""
https://www.styleisnow.com/business/handbags-strathberry-242362abs000035-961o.html,,http://cdn.orderlink.it/foto/24236220231125680961/20231125680961bpe-13.jpg,http://cdn.orderlink.it/foto/24236220231125680961/20231125680961vmc-14.jpg,http://cdn.orderlink.it/foto/24236220231125680961/20231125680961wzp-15.jpg,STRATHBERRY,242362ABS000035-961O,Fall - Winter,2024,20231 125 680 961,961O,Beige,OAT,Spain,100% calf leather,'Mosaic' Handbag,"Strathberry ""Mosaic"" handbag crafted in grained leather and featuring the iconic metal bar applied to the flap. Magnetic closure, suede interior with one zippered pocket and detachable, adjustable shoulder strap. Gold-finished metalware.",Woman > Bags > Handbags,3.0,745.0,28.00%,-,os,3,23 cm,16 cm,12 cm,7 cm,0,,,,,,0,,0,510.0,"H 16.0 cm x L 23.0 x D 12.0 cm / H 6.3"" x L 9.1"" x D 4.7"""
https://www.styleisnow.com/business/crossbody-and-shoulder-bags-strathberry-242362abs000015-100.html,,http://cdn.orderlink.it/foto/24236220242125651100/20242125651100blj-13.jpg,http://cdn.orderlink.it/foto/24236220242125651100/20242125651100wiv-14.jpg,http://cdn.orderlink.it/foto/24236220242125651100/20242125651100dio-15.jpg,STRATHBERRY,242362ABS000015-100,Fall - Winter,2024,20242 125 651 100,100,Nero,BLACK,Spain,100% calf leather,Hobo Wool Handbag,"The Lana hobo bag by Strathberry is made of hammered calf leather and adorned with classic Music Bar details on the sides. It features a magnetic closure, suede interior with a zip pocket, and gold-tone hardware.",Woman > Bags > Crossbody and Shoulder bags,2.0,610.0,28.00%,-,os,2,29 cm,"21,5 cm",11 cm,27 cm,0,,,,,,0,,0,420.0,"H 21.5 cm x L 29.0 x D 11.0 cm / H 8.5"" x L 11.4"" x D 4.3"""
https://www.styleisnow.com/business/handbags-strathberry-242362abs000009-465.html,,http://cdn.orderlink.it/foto/24236220232125680465/20232125680465xme-13.jpg,http://cdn.orderlink.it/foto/24236220232125680465/20232125680465ksq-14.jpg,http://cdn.orderlink.it/foto/24236220232125680465/20232125680465qug-15.jpg,STRATHBERRY,242362ABS000009-465,Fall - Winter,2024,20232 125 680 465,465,Marrone,CHOCOLATE - VANILLA STITCH,Spain,100% calf leather,'Mosaic' Handbag,"Strathberry ""Mosaic"" handbag crafted in grained leather and featuring the iconic metal bar applied to the flap. Magnetic closure, suede interior with one zippered pocket and detachable, adjustable shoulder strap. Gold-finished metalware.",Woman > Bags > Handbags,2.0,745.0,28.00%,-,os,2,23 cm,16 cm,12 cm,7 cm,0,,,,,,0,,0,510.0,"H 16.0 cm x L 23.0 x D 12.0 cm / H 6.3"" x L 9.1"" x D 4.7"""
https://www.styleisnow.com/business/handbags-brunello-cucinelli-242026abs000004-c8195.html,,http://cdn.orderlink.it/foto/242026MBGPD3610/MBGPD3610kxi-13.jpg,http://cdn.orderlink.it/foto/242026MBGPD3610/MBGPD3610gyc-14.jpg,http://cdn.orderlink.it/foto/242026MBGPD3610/MBGPD3610aag-15.jpg,BRUNELLO CUCINELLI,242026ABS000004-C8195,Fall - Winter,2024,MBGPD3610,C8195,Grigio,PIETRA SERENA,Italy,100% lamb leather,Handbag With Monile Embell,"This Brunello Cucinelli handbag is made of soft leather with a drawstring closure and iconic Monile detail. The interior is lined with suede and features a zip pocket, adjustable and removable shoulder strap, and metallic accessories in a ruthenium finish.",Woman > Bags > Handbags,2.0,3210.0,35.00%,-,os,2,25 cm,19 cm,9 cm,"13,5 cm",0,,,,,,0,,0,2210.0,"H 19.0 cm x L 25.0 x D 9.0 cm / H 7.5"" x L 9.8"" x D 3.5"""
https://www.styleisnow.com/business/handbags-brunello-cucinelli-242026abs000003-c9593.html,,http://cdn.orderlink.it/foto/242026MBDLD2499/MBDLD2499zcb-13.jpg,http://cdn.orderlink.it/foto/242026MBDLD2499/MBDLD2499euy-14.jpg,http://cdn.orderlink.it/foto/242026MBDLD2499/MBDLD2499axi-15.jpg,BRUNELLO CUCINELLI,242026ABS000003-C9593,Fall - Winter,2024,MBDLD2499,C9593,Grigio,QUARZO,Italy,100% calf leather,Handbag With Precious Bands,"Brunello Cucinelli handbag crafted in fine suede and enriched by embroidered monili inserts, which embrace the sides of the bag with a brilliant effect. Magnetic closure and leather interior with a detachable open pocket. Top handle, matching adjustable and removable shoulder strap. Ruthenium-finished metalware.",Woman > Bags > Handbags,1.0,3210.0,35.00%,-,os,1,20 cm,17 cm,"8,5 cm",10 cm,0,,,,,,0,,0,2210.0,"H 17.0 cm x L 20.0 x D 8.5 cm / H 6.7"" x L 7.9"" x D 3.3"""
https://www.styleisnow.com/business/handbags-tod-s-242727abs000015-b999.html,,http://cdn.orderlink.it/foto/242727XBWAQBH0200YAT/XBWAQBH0200YATgwu-13.jpg,http://cdn.orderlink.it/foto/242727XBWAQBH0200YAT/XBWAQBH0200YATdfw-14.jpg,http://cdn.orderlink.it/foto/242727XBWAQBH0200YAT/XBWAQBH0200YATbly-15.jpg,TOD'S,242727ABS000015-B999,Fall - Winter,2024,XBWAQBH0200YAT,B999,Nero,NERO,Italy,100% calfskin,Smooth Leather Darsena Handbag,"The Tod's Darsena handbag is made of fine natural grain leather, featuring essential and feminine lines and a zip closure with two pulls that are hidden by leather inserts. It has a double tubular handle, an embossed logo on the front, a lock with protective case, and a lined interior with one zip pocket and one open pocket. It also comes with an adjustable leather shoulder strap. The metallic accessories have a silver finish.",Woman > Bags > Handbags,1.0,2825.0,35.00%,-,os,1,29 cm,14 cm,"13,5 cm",11 cm,0,,,,,,0,,0,1950.0,"H 14.0 cm x L 29.0 x D 13.5 cm / H 5.5"" x L 11.4"" x D 5.3"""
https://www.styleisnow.com/business/handbags-longchamp-242360abs000006-037.html,,http://cdn.orderlink.it/foto/24236010259HSG/10259HSGysy-13.jpg,http://cdn.orderlink.it/foto/24236010259HSG/10259HSGwyz-14.jpg,http://cdn.orderlink.it/foto/24236010259HSG/10259HSGito-15.jpg,LONGCHAMP,242360ABS000006-037,Fall - Winter,2024,10259HSG,037,Neutro,GREGGIO,China,"100% CO, 100% leather","""Xs Essential Handbag""",The XS Essential handbag by Longchamp is made of cotton canvas with a rubberized logo lettering and leather base and handles. It features a snap button closure and an unlined interior with a zip pocket. The adjustable and removable leather shoulder strap and silver metal hardware add a touch of elegance to this bag.,Woman > Bags > Handbags,29.0,435.0,23.00%,-,os,29,19 cm,17 cm,8 cm,8 cm,0,,,,,,0,,0,300.0,"H 17.0 cm x L 19.0 x D 8.0 cm / H 6.7"" x L 7.5"" x D 3.1"""
https://www.styleisnow.com/business/mini-bags-stella-mccartney-242608abs000023-6500g.html,,http://cdn.orderlink.it/foto/242608391698WP0301/391698WP0301zyx-13.jpg,http://cdn.orderlink.it/foto/242608391698WP0301/391698WP0301cbl-14.jpg,http://cdn.orderlink.it/foto/242608391698WP0301/391698WP0301stk-15.jpg,STELLA MCCARTNEY,242608ABS000023-6500G,Fall - Winter,2024,391698 WP0301,6500G,Marrone,GIPSY RED,Italy,100% PL,Falabella Tiny Handbag,"The Falabella bag by Stella McCartney is made of eco-leather and features a double handle, chain shoulder strap, and chain trimmings with a branded medallion. It has an internal snap button closure, logo-printed nylon lining, and an applied inner pocket. Silver-tone metalware.",Woman > Bags > Mini bags,1.0,965.0,25.00%,-,os,1,18 cm,"17,5 cm",5 cm,8 cm,0,,,,,,0,,0,660.0,"H 17.5 cm x L 18.0 x D 5.0 cm / H 6.9"" x L 7.1"" x D 2.0"""
https://www.styleisnow.com/business/handbags-giuseppe-di-morabito-242a04abs000001-99.html,,http://cdn.orderlink.it/foto/242A0403PFBG002FC016/03PFBG002FC016ugy-13.jpg,http://cdn.orderlink.it/foto/242A0403PFBG002FC016/03PFBG002FC016uai-14.jpg,http://cdn.orderlink.it/foto/242A0403PFBG002FC016/03PFBG002FC016qhr-15.jpg,GIUSEPPE DI MORABITO,242A04ABS000001-99,Fall - Winter,2024,03PFBG002FC 016,99,Nero,BLACK,Italy,100% leather,Handbag With Crystals,"The Giuseppe Di Morabito handbag is made of suede leather and embellished with all-over crystal studs. The asymmetrical handles allow for a knot closure, while the interior is lined for added durability.",Woman > Bags > Handbags,2.0,755.0,30.00%,-,os,2,22 cm,15 cm,13 cm,9 cm,0,,,,,,0,,0,520.0,"H 15.0 cm x L 22.0 x D 13.0 cm / H 5.9"" x L 8.7"" x D 5.1"""
https://www.styleisnow.com/business/handbags-tod-s-242727abs000015-s417.html,,http://cdn.orderlink.it/foto/242727XBWAQBH0200YAT/XBWAQBH0200YATgbi-13.jpg,http://cdn.orderlink.it/foto/242727XBWAQBH0200YAT/XBWAQBH0200YATleb-14.jpg,http://cdn.orderlink.it/foto/242727XBWAQBH0200YAT/XBWAQBH0200YATopo-15.jpg,TOD'S,242727ABS000015-S417,Fall - Winter,2024,XBWAQBH0200YAT,S417,Neutro,DULL GOLD,Italy,100% calfskin,Smooth Leather Darsena Handbag,"The Tod's Darsena handbag is made of fine natural grain leather, featuring essential and feminine lines and a zip closure with two pulls that are hidden by leather inserts. It has a double tubular handle, an embossed logo on the front, a lock with protective case, and a lined interior with one zip pocket and one open pocket. It also comes with an adjustable leather shoulder strap. The metallic accessories have a silver finish.",Woman > Bags > Handbags,2.0,2825.0,35.00%,-,os,2,29 cm,14 cm,"13,5 cm",11 cm,0,,,,,,0,,0,1950.0,"H 14.0 cm x L 29.0 x D 13.5 cm / H 5.5"" x L 11.4"" x D 5.3"""
https://www.styleisnow.com/business/mini-bags-ganni-242671abs000021-766.html,,http://cdn.orderlink.it/foto/242671A6085/A6085zfk-13.jpg,http://cdn.orderlink.it/foto/242671A6085/A6085xzc-14.jpg,http://cdn.orderlink.it/foto/242671A6085/A6085vfn-15.jpg,GANNI,242671ABS000021-766,Fall - Winter,2024,A6085,766,Celeste,DUSTY BLUE,China,65% rec leather 19% PU 16% PES,Bou Handbag,"Bou handbag from GANNI made of recycled leather and featuring a hexagonal shape and woven handle with gold metal detail. Tone-on-tone Butterfly logo, magnetic closure with two separate compartments, one with a credit card slot, and adjustable, detachable shoulder strap.",Woman > Bags > Handbags,1.0,505.0,35.00%,-,os,1,20 cm,16 cm,16 cm,6 cm,0,,,,,,0,,0,350.0,"H 16.0 cm x L 20.0 x D 16.0 cm / H 6.3"" x L 7.9"" x D 6.3"""
https://www.styleisnow.com/business/handbags-ganni-242671abs000028-943.html,,http://cdn.orderlink.it/foto/242671A6494/A6494cwh-13.jpg,http://cdn.orderlink.it/foto/242671A6494/A6494jwh-14.jpg,http://cdn.orderlink.it/foto/242671A6494/A6494rhf-15.jpg,GANNI,242671ABS000028-943,Fall - Winter,2024,A6494,943,Marrone,LEOPARD,China,65% rec leather 19% PU 16% PES,Bou Handbag,"Bou handbag from GANNI made of animal-print recycled leather and featuring a hexagonal shape and woven handle with gold metal detail. Tone-on-tone Butterfly logo, magnetic closure with two separate compartments, one with a credit card slot, and adjustable, detachable shoulder strap.",Woman > Bags > Handbags,4.0,545.0,35.00%,-,os,4,20 cm,16 cm,16 cm,6 cm,0,,,,,,0,,0,380.0,"H 16.0 cm x L 20.0 x D 16.0 cm / H 6.3"" x L 7.9"" x D 6.3"""
https://www.styleisnow.com/business/handbags-brunello-cucinelli-242026abs000008-c8279.html,,http://cdn.orderlink.it/foto/242026MBGPD3611/MBGPD3611lnt-13.jpg,http://cdn.orderlink.it/foto/242026MBGPD3611/MBGPD3611auo-14.jpg,http://cdn.orderlink.it/foto/242026MBGPD3611/MBGPD3611ssw-15.jpg,BRUNELLO CUCINELLI,242026ABS000008-C8279,Fall - Winter,2024,MBGPD3611,C8279,Marrone,TESTA MORO,Italy,100% lamb leather,Handbag With Monile Embell,"This Brunello Cucinelli handbag is made of soft leather with a drawstring closure and iconic Monile detail. The interior is lined with suede and features a zip pocket, adjustable and removable shoulder strap, and metallic accessories in a ruthenium finish.",Woman > Bags > Handbags,1.0,4235.0,35.00%,-,os,1,26 cm,25 cm,14 cm,14 cm,0,,,,,,0,,0,2920.0,"H 25.0 cm x L 26.0 x D 14.0 cm / H 9.8"" x L 10.2"" x D 5.5"""
https://www.styleisnow.com/business/handbags-brunello-cucinelli-242026abs000008-c101.html,,http://cdn.orderlink.it/foto/242026MBGPD3611/MBGPD3611vta-13.jpg,http://cdn.orderlink.it/foto/242026MBGPD3611/MBGPD3611sfp-14.jpg,http://cdn.orderlink.it/foto/242026MBGPD3611/MBGPD3611wph-15.jpg,BRUNELLO CUCINELLI,242026ABS000008-C101,Fall - Winter,2024,MBGPD3611,C101,Nero,NERO,Italy,100% lamb leather,Handbag With Monile Embell,"This Brunello Cucinelli handbag is made of soft leather with a drawstring closure and iconic Monile detail. The interior is lined with suede and features a zip pocket, adjustable and removable shoulder strap, and metallic accessories in a ruthenium finish.",Woman > Bags > Handbags,1.0,4235.0,35.00%,-,os,1,26 cm,25 cm,14 cm,14 cm,0,,,,,,0,,0,2920.0,"H 25.0 cm x L 26.0 x D 14.0 cm / H 9.8"" x L 10.2"" x D 5.5"""
