Product Url,Image,Image1,Image2,Image3,Vendor,Sku Styleisnow,Season,Year,SKU,Variant,Color detail,Color Supplier,Made in,Material,Product's Title,Description,Tags,Qty,Retail Price,Discount,Size,Qty Detail,Bag length,Bag height,Bag width,Handle height,Shoulder bag length,Barcode,Compare to Price,Dimensions,SKU FULL
https://www.styleisnow.com/business/handbags-marc-jacobs-241445abs000005-001b.html,,http://cdn.orderlink.it/foto/222445H652L01PF22/H652L01PF22ees-13.jpg,http://cdn.orderlink.it/foto/222445H652L01PF22/H652L01PF22wky-14.jpg,http://cdn.orderlink.it/foto/222445H652L01PF22/H652L01PF22jst-15.jpg,Marc Jacobs,241445ABS000005-001B,Spring - Summer,2024,H652L01PF22,001B,Nero,BLACK,Vietnam,100% cow leather,the leather bucket bag,"The Leather Bucket Bag by Marc Jacobs in grained leather, characterized by debossed logo on front and two-tone rope top handle. Leather logo patch applied on the back, detachable and adjustable shoulder strap, drawstring closure, leather lining and one inner card patch pocket. Gold-finished metalware.",Woman > Bags > Handbags,1,610.0,50.00%,os,10,18 cm,21 cm,17 cm,15 cm,107 cm,191267999777,420.0,"H 21.0 cm x L 18.0 x D 17.0 cm / H 8.3"" x L 7.1"" x D 6.7""",241445ABS000005-001B-os
https://www.styleisnow.com/business/handbags-salvatore-ferragamo-241400abs000043-001.html,,http://cdn.orderlink.it/foto/2314002134840760351/2134840760351gkw-13.jpg,http://cdn.orderlink.it/foto/2314002134840760351/2134840760351wkt-14.jpg,http://cdn.orderlink.it/foto/2314002134840760351/2134840760351kwd-15.jpg,Ferragamo,241400ABS000043-001,Spring - Summer,2024,2134840760351,001,Nero,NERO,Italy,100% calf leather,e/w wanda handbag,"FERRAGAMO ""Wanda"" East-West handbag crafted in brushed leather with geometric lines. Gancini side buckle closure, smooth leather interior with two credit card slots and adjustable, detachable shoulder strap. Gold-finished metalware.",Woman > Bags > Handbags,7,2540.0,44.00%,os,5,"36,5 cm",13 cm,7 cm,4 m,0,8056283078177,1750.0,"H 13.0 cm x L 36.5 x D 7.0 cm / H 5.1"" x L 14.4"" x D 2.8""",241400ABS000043-001-os
https://www.styleisnow.com/business/crossbody-and-shoulder-bags-pinko-241783apg000001-o81qc.html,,http://cdn.orderlink.it/foto/241783100062A0F1/100062A0F1mul-13.jpg,http://cdn.orderlink.it/foto/241783100062A0F1/100062A0F1sie-14.jpg,http://cdn.orderlink.it/foto/241783100062A0F1/100062A0F1lmz-15.jpg,Pinko,241783APG000001-O81QC,Spring - Summer,2024,100062 A0F1,O81QC,Rosa,CIPRIA ANTIQUE GOLD,China,100% bovine leather,love bag simply crossbody bag,"Leather crossbody bag featuring a magnetic closure enriched by the signature Love Birds Diamond Cut buckle, with removable chain shoulder strap. Fabric lined interior with two guseted compartments, eight leather credit card slots, and one center zippered compartment. Antique gold finished metalware.",Woman > Bags > Crossbody and Shoulder bags,7,290.0,57.00%,os,11,19 cm,11 cm,4 cm,0,109 cm,8057769000255,200.0,"H 11.0 cm x L 19.0 x D 4.0 cm / H 4.3"" x L 7.5"" x D 1.6""",241783APG000001-O81QC-os
https://www.styleisnow.com/business/handbags-longchamp-241360abs000006-218.html,,http://cdn.orderlink.it/foto/24136010161HYZ/10161HYZwkd-13.jpg,http://cdn.orderlink.it/foto/24136010161HYZ/10161HYZwew-14.jpg,http://cdn.orderlink.it/foto/24136010161HYZ/10161HYZprt-15.jpg,Longchamp,241360ABS000006-218,Spring - Summer,2024,10161HYZ,218,Rosso,FRAGOLA,Morocco,100% cow leather,épure s bucket bag,"Longchamp bucket bag crafted in Cuir de Russie with single top handle, debossed logo on front and gold-tone metal logoed press-stud closure. Suede interior with a leather patch pocket.",Woman > Bags > Handbags,4,410.0,45.00%,os,3,"16,5 cm",22 cm,"16,5 cm",11 cm,0,3597922487646,280.0,"H 22.0 cm x L 16.5 x D 16.5 cm / H 8.7"" x L 6.5"" x D 6.5""",241360ABS000006-218-os
https://www.styleisnow.com/business/handbags-roger-vivier-241123abs000007-c211.html,,http://cdn.orderlink.it/foto/241123RBWANMF0101XMA/RBWANMF0101XMAxdm-13.jpg,http://cdn.orderlink.it/foto/241123RBWANMF0101XMA/RBWANMF0101XMAmcb-14.jpg,http://cdn.orderlink.it/foto/241123RBWANMF0101XMA/RBWANMF0101XMAjjp-15.jpg,Roger Vivier,241123ABS000007-C211,Spring - Summer,2024,RBWANMF0101XMA,C211,Neutro,COLLANT,Italy,100% calfskin,"""mini viv' ladybug","The mini Viv' Ladybug bag by Roger Vivier is made of smooth leather and features the iconic crystal buckle, with a rounded shape. It has a zip closure, lined interior with an open pocket, and a removable chain shoulder strap.",Woman > Bags > Handbags,3,2055.0,48.00%,os,2,19 cm,"13,5 cm",6 cm,6 cm,0,16908280000,1420.0,"H 13.5 cm x L 19.0 x D 6.0 cm / H 5.3"" x L 7.5"" x D 2.4""",241123ABS000007-C211-os
https://www.styleisnow.com/business/mini-bags-strathberry-241362abs000004-100.html,,http://cdn.orderlink.it/foto/24136220204100175/20204100175snf-13.jpg,http://cdn.orderlink.it/foto/24136220204100175/20204100175pdz-14.jpg,http://cdn.orderlink.it/foto/24136220204100175/20204100175ztt-15.jpg,Strathberry,241362ABS000004-100,Spring - Summer,2024,20204 100 175,100,Nero,BLACK,Spain,100% calf leather,nano tote leather bag,"Nano Tote bag by Strathberry in crocodile-embossed leather, featuring the iconic metal bar which closes the bag stopping the single top handle. Gold-tone lettering logo print on front, magnetic closure, gusseted sides, suedette lining and one inner open flat pocket. Equipped with detachable chain strap with leather insert. Gold-finished metalware and protective studs.",Woman > Bags > Mini bags,7,585.0,45.00%,os,10,18 cm,14 cm,8 cm,5 cm,110 cm,5056309312127,400.0,"H 14.0 cm x L 18.0 x D 8.0 cm / H 5.5"" x L 7.1"" x D 3.1""",241362ABS000004-100-os
https://www.styleisnow.com/business/crossbody-and-shoulder-bags-vivienne-westwood-241235abs000002-n403.html,,http://cdn.orderlink.it/foto/24123552030007L001NPF/52030007L001NPFsln-13.jpg,http://cdn.orderlink.it/foto/24123552030007L001NPF/52030007L001NPFyqy-14.jpg,http://cdn.orderlink.it/foto/24123552030007L001NPF/52030007L001NPFtfv-15.jpg,Vivienne Westwood,241235ABS000002-N403,Spring - Summer,2024,52030007L001NPF,N403,Nero,BLACK,China,100% cow leather,heart-shaped crossbody bag,"This Vivienne Westwood crossbody bag is made of saffiano leather and features a heart-shaped design. The iconic Orb in platinum metal finish, zip closure, fabric interior, and removable chain strap add to its charm.",Woman > Bags > Crossbody and Shoulder bags,10,265.0,46.00%,os,9,19 cm,"16,5 cm",2 cm,0,104 cm,8050889301271,180.0,"H 16.5 cm x L 19.0 x D 2.0 cm / H 6.5"" x L 7.5"" x D 0.8""",241235ABS000002-N403-os
https://www.styleisnow.com/business/crossbody-and-shoulder-bags-see-by-chloe-241752abs000005-23w.html,,http://cdn.orderlink.it/foto/241752CHS19WSA29388/CHS19WSA29388czx-13.jpg,http://cdn.orderlink.it/foto/241752CHS19WSA29388/CHS19WSA29388ucu-14.jpg,http://cdn.orderlink.it/foto/241752CHS19WSA29388/CHS19WSA29388gmn-15.jpg,See By Chloe,241752ABS000005-23W,Spring - Summer,2024,CHS19WSA29388,23W,Neutro,MOTTY GREY,India,100% cow leather,mara shoulder bag,"See By Chloé grain leather bag with large ring and logo charm on the flap. It features a removable and adjustable strap, magnetic closure, embossed logo on the front, fabric lining, inside flat pocket, gold-tone hardware.",Woman > Bags > Crossbody and Shoulder bags,3,700.0,48.00%,os,8,22 cm,19 cm,9 cm,0,112 cm,7613385012082,480.0,"H 19.0 cm x L 22.0 x D 9.0 cm / H 7.5"" x L 8.7"" x D 3.5""",241752ABS000005-23W-os
https://www.styleisnow.com/business/tote-bags-versace-241417abs000006-2pq2v.html,,http://cdn.orderlink.it/foto/24141710115641A09741/10115641A09741cum-13.jpg,http://cdn.orderlink.it/foto/24141710115641A09741/10115641A09741gim-14.jpg,http://cdn.orderlink.it/foto/24141710115641A09741/10115641A09741ikd-15.jpg,Versace,241417ABS000006-2PQ2V,Spring - Summer,2024,1011564 1A09741,2PQ2V,Rosa,PALE PINK ENGLISH ROSE VE,Italy,53% PA 38% CO 6% PL 3% PC,athena barocco small tote bag,"Athena Barocco tote bag by Versace made of jacquard Barocco cotton-blend canvas with contrasting '90s Vintage Logo embroidery. Double handles, lined interior with one zippered pocket and adjustable, detachable shoulder strap. Gold-finished metalware.",Woman > Bags > Tote bags,1,1735.0,44.00%,os,5,28 cm,22 cm,"11,5 cm",11 cm,0,8056204851162,1200.0,"H 22.0 cm x L 28.0 x D 11.5 cm / H 8.7"" x L 11.0"" x D 4.5""",241417ABS000006-2PQ2V-os
https://www.styleisnow.com/business/crossbody-and-shoulder-bags-a-p-c-241633abs000001-cad.html,,http://cdn.orderlink.it/foto/202633PXAWVF61048/PXAWVF61048dzj-13.jpg,http://cdn.orderlink.it/foto/202633PXAWVF61048/PXAWVF61048flk-14.jpg,http://cdn.orderlink.it/foto/202633PXAWVF61048/PXAWVF61048qxq-15.jpg,A.P.C.,241633ABS000001-CAD,Spring - Summer,2024,PXAWV F61048,CAD,Marrone,NOISETTE,Portugal,100% cow leather,demi-lune crossbody bag,"A.P.C. leather Demi Lune bag with adjustable strap and zip closure. Fabric lining, inside flat pocket, gold-printed logo, gold-tone metal hardware.",Woman > Bags > Crossbody and Shoulder bags,9,580.0,48.00%,os,2,24 cm,18 cm,8 cm,0,120 cm,3613060833531,400.0,"H 18.0 cm x L 24.0 x D 8.0 cm / H 7.1"" x L 9.4"" x D 3.1""",241633ABS000001-CAD-os
https://www.styleisnow.com/business/crossbody-and-shoulder-bags-a-p-c-241633abs000010-cad.html,,http://cdn.orderlink.it/foto/221633PXBMWF61413/PXBMWF61413bbg-13.jpg,http://cdn.orderlink.it/foto/221633PXBMWF61413/PXBMWF61413fku-14.jpg,http://cdn.orderlink.it/foto/221633PXBMWF61413/PXBMWF61413elz-15.jpg,A.P.C.,241633ABS000010-CAD,Spring - Summer,2024,PXBMW F61413,CAD,Marrone,NOISETTE,Morocco,100% pelle bovina,grace small bag,"A.P.C. Grace Small bag in smooth leather featuring flap with metal joint closure, gold-tone logo print on front and adjustable shoulder strap. Cotton lining, two flat compartment and a middle gusseted compartment. Gold-finished metalware.",Woman > Bags > Crossbody and Shoulder bags,7,875.0,48.00%,os,10,21 cm,16 cm,7 cm,0,85 cm,3613060920781,600.0,"H 16.0 cm x L 21.0 x D 7.0 cm / H 6.3"" x L 8.3"" x D 2.8""",241633ABS000010-CAD-os
https://www.styleisnow.com/business/tote-bags-marc-jacobs-242445abs000031-001.html,,http://cdn.orderlink.it/foto/242445M0017027/M0017027iwv-13.jpg,http://cdn.orderlink.it/foto/242445M0017027/M0017027tbg-14.jpg,http://cdn.orderlink.it/foto/242445M0017027/M0017027snc-15.jpg,Marc Jacobs,242445ABS000031-001,Fall - Winter,2024,M0017027,001,Nero,BLACK,Vietnam,64%CO 36%PL,the jacquard medium tote bag,"The Jacquard Medium Tote Bag by Marc Jacobs in cotton-blend canvas, featuring double top handle, adjustable and removable shoulder strap, front contrasting jacquard logo, rear fabric logo patch, zip closure and side handle. Unlined interior with two open pockets and a zippered one. Silver-finished metalware.",Woman > Bags > Tote bags,23,505.0,40.00%,os,25,34 cm,27 cm,15 cm,12 cm,110 cm,0,350.0,"H 27.0 cm x L 34.0 x D 15.0 cm / H 10.6"" x L 13.4"" x D 5.9""",242445ABS000031-001-os
https://www.styleisnow.com/business/handbags-marc-jacobs-242445abs000002-372.html,,http://cdn.orderlink.it/foto/242445M0016493/M0016493jdc-13.jpg,http://cdn.orderlink.it/foto/242445M0016493/M0016493hgl-14.jpg,http://cdn.orderlink.it/foto/242445M0016493/M0016493hws-15.jpg,Marc Jacobs,242445ABS000002-372,Fall - Winter,2024,M0016493,372,Verde,SLATE GREEN,Vietnam,100% CO,the small tote bag,"The Small Tote bag by Marc Jacobs in cotton canvas, featuring contrasting, adjustable, and removable webbing strap, contrasting front logo print, back logo patch, zip closure, side handle. Unlined interior. SIlver-finished metalware.",Woman > Bags > Handbags,20,250.0,40.00%,os,22,25 cm,19 cm,14 cm,11 cm,0,0,170.0,"H 19.0 cm x L 25.0 x D 14.0 cm / H 7.5"" x L 9.8"" x D 5.5""",242445ABS000002-372-os
https://www.styleisnow.com/business/crossbody-and-shoulder-bags-marc-jacobs-242445abs000018-223.html,,http://cdn.orderlink.it/foto/242445M0014867/M0014867lma-13.jpg,http://cdn.orderlink.it/foto/242445M0014867/M0014867xrr-14.jpg,http://cdn.orderlink.it/foto/242445M0014867/M0014867rjr-15.jpg,Marc Jacobs,242445ABS000018-223,Fall - Winter,2024,M0014867,223,Khaki,KHAKI,Vietnam,100% cow leather,the snapshot dtm bag,"The Snapshot small camera bag by Marc Jacobs in saffiano leather with two independent zipped compartments and front metal Double-J monogram. Adjustable and removable jacquard webbing strap with tone-on-tone logo over the whole length. Leather zip pullers, back flat pocket, logo embossed on the top. Fabric lining, one inner open pocket, platinum-finished metal hardware.",Woman > Bags > Crossbody and Shoulder bags,8,505.0,40.00%,os,11,18 cm,11 cm,6 cm,0,0,0,350.0,"H 11.0 cm x L 18.0 x D 6.0 cm / H 4.3"" x L 7.1"" x D 2.4""",242445ABS000018-223-os
https://www.styleisnow.com/business/tote-bags-marc-jacobs-242445abs000031-263.html,,http://cdn.orderlink.it/foto/242445M0017027/M0017027avd-13.jpg,http://cdn.orderlink.it/foto/242445M0017027/M0017027zwk-14.jpg,http://cdn.orderlink.it/foto/242445M0017027/M0017027rkr-15.jpg,Marc Jacobs,242445ABS000031-263,Fall - Winter,2024,M0017027,263,Beige,WARM SAND,Vietnam,64%CO 36%PL,the jacquard medium tote bag,"The Jacquard Medium Tote Bag by Marc Jacobs in cotton-blend canvas, featuring double top handle, adjustable and removable shoulder strap, front contrasting jacquard logo, rear fabric logo patch, zip closure and side handle. Unlined interior with two open pockets and a zippered one. Silver-finished metalware.",Woman > Bags > Tote bags,19,505.0,40.00%,os,21,34 cm,27 cm,15 cm,12 cm,110 cm,0,350.0,"H 27.0 cm x L 34.0 x D 15.0 cm / H 10.6"" x L 13.4"" x D 5.9""",242445ABS000031-263-os
https://www.styleisnow.com/business/mini-bags-marc-jacobs-242445abs000006-050.html,,http://cdn.orderlink.it/foto/242445H053L01RE22/H053L01RE22oaw-13.jpg,http://cdn.orderlink.it/foto/242445H053L01RE22/H053L01RE22wif-14.jpg,http://cdn.orderlink.it/foto/242445H053L01RE22/H053L01RE22bzm-15.jpg,Marc Jacobs,242445ABS000006-050,Fall - Winter,2024,H053L01RE22,050,Grigio,WOLF GREY,Vietnam,100% cow leather,the leather mini tote bag,"The Leather Mini Tote Bag by Marc Jacobs crafted in grained leather with contrasting lettering logo printed on the front. Double handles, detachable and adjustable shoulder strap, side handle and zipper closure. Unlined interior and silver-tone metalware.",Woman > Bags > Mini bags,22,505.0,40.00%,os,23,18 cm,15 cm,9 cm,8 cm,115 cm,0,350.0,"H 15.0 cm x L 18.0 x D 9.0 cm / H 5.9"" x L 7.1"" x D 3.5""",242445ABS000006-050-os
https://www.styleisnow.com/business/mini-bags-marc-jacobs-242445abs000006-140.html,,http://cdn.orderlink.it/foto/242445H053L01RE22/H053L01RE22vfl-13.jpg,http://cdn.orderlink.it/foto/242445H053L01RE22/H053L01RE22mtw-14.jpg,http://cdn.orderlink.it/foto/242445H053L01RE22/H053L01RE22vdg-15.jpg,Marc Jacobs,242445ABS000006-140,Fall - Winter,2024,H053L01RE22,140,Bianco,COTTON/SILVER,Vietnam,100% cow leather,the leather mini tote bag,"The Leather Mini Tote Bag by Marc Jacobs crafted in grained leather with contrasting lettering logo printed on the front. Double handles, detachable and adjustable shoulder strap, side handle and zipper closure. Unlined interior and silver-tone metalware.",Woman > Bags > Mini bags,23,505.0,40.00%,os,24,18 cm,15 cm,9 cm,8 cm,115 cm,0,350.0,"H 15.0 cm x L 18.0 x D 9.0 cm / H 5.9"" x L 7.1"" x D 3.5""",242445ABS000006-140-os
https://www.styleisnow.com/business/tote-bags-marc-jacobs-242445abs000032-001.html,,http://cdn.orderlink.it/foto/242445M0017048/M0017048exf-13.jpg,http://cdn.orderlink.it/foto/242445M0017048/M0017048dfk-14.jpg,http://cdn.orderlink.it/foto/242445M0017048/M0017048zpw-15.jpg,Marc Jacobs,242445ABS000032-001,Fall - Winter,2024,M0017048,001,Nero,BLACK,Vietnam,64% CO 36% PL,the jacquard large tote bag,"The Jacquard Traveler Tote Large bag by Marc Jacobs in cotton canvas featuring double handle, ribbons applied on the edges, and jacquard embroidery with logo on the front. Logo patch applied on the back, top zip closure, side handle. Unlined interior with one zip pocket and two small pockets, steel-finish metal hardware.",Woman > Bags > Tote bags,23,545.0,40.00%,os,26,41 cm,33 cm,14 cm,23 cm,0,0,380.0,"H 33.0 cm x L 41.0 x D 14.0 cm / H 13.0"" x L 16.1"" x D 5.5""",242445ABS000032-001-os
https://www.styleisnow.com/business/handbags-valentino-garavani-242032abs000011-0no.html,,http://cdn.orderlink.it/foto/2420325W2B0Q26IMZ/5W2B0Q26IMZjfi-13.jpg,http://cdn.orderlink.it/foto/2420325W2B0Q26IMZ/5W2B0Q26IMZslx-14.jpg,http://cdn.orderlink.it/foto/2420325W2B0Q26IMZ/5W2B0Q26IMZmtj-15.jpg,Valentino Garavani,242032ABS000011-0NO,Fall - Winter,2024,5W2B0Q26IMZ,0NO,Nero,NERO,Italy,100% calf leather,alltime handbag purse tote,"The Alltime handbag by Valentino Garavani is made of hammered leather with a metal Vlogo Signature element. It features a magnetic closure, suede interior with a zip pocket, and protective feet at the base. Equipped with two adjustable and removable shoulder straps for a shoulder or crossbody look. The metallic elements have an antique brass finish.",Woman > Bags > Handbags,2,2825.0,25.00%,os,3,"18,5 cm","17,5 cm",13 cm,9 cm,0,0,1950.0,"H 17.5 cm x L 18.5 x D 13.0 cm / H 6.9"" x L 7.3"" x D 5.1""",242032ABS000011-0NO-os
https://www.styleisnow.com/business/crossbody-and-shoulder-bags-brunello-cucinelli-242026abs000002-c5859.html,,http://cdn.orderlink.it/foto/242026MBDLD2616P/MBDLD2616Petm-13.jpg,http://cdn.orderlink.it/foto/242026MBDLD2616P/MBDLD2616Putu-14.jpg,http://cdn.orderlink.it/foto/242026MBDLD2616P/MBDLD2616Pajx-15.jpg,Brunello Cucinelli,242026ABS000002-C5859,Fall - Winter,2024,MBDLD2616P,C5859,Neutro,ICE,Italy,100% calf leather,suede shoulder bag with seven,"Spacious and elegant, this Brunello Cucinelli shoulder bag is made of suede leather with practical adjustable contrast leather handles. The smooth leather interior is divided by a zip pocket and the metallic accessories have a ruthenium finish.",Woman > Bags > Crossbody and Shoulder bags,3,3210.0,35.00%,os,4,"32,5 cm",24 cm,15 cm,23 cm,0,0,2210.0,"H 24.0 cm x L 32.5 x D 15.0 cm / H 9.4"" x L 12.8"" x D 5.9""",242026ABS000002-C5859-os
https://www.styleisnow.com/business/mini-bags-dolce-gabbana-242450abs000011-80999.html,,http://cdn.orderlink.it/foto/241450BB6711AV893/BB6711AV893pky-13.jpg,http://cdn.orderlink.it/foto/241450BB6711AV893/BB6711AV893xnw-14.jpg,http://cdn.orderlink.it/foto/241450BB6711AV893/BB6711AV893mso-15.jpg,Dolce & Gabbana,242450ABS000011-80999,Fall - Winter,2024,BB6711 AV893,80999,Nero,NERO,Italy,100% vitello,small devotion bag,"Dolce &amp  Gabbana leather mini bag with handmade DG Sacred Heart featuring decorative pearls. Top handle, removable chain strap, magnetic button on the flap, leather lining. Inside flat pocket and antique gold-tone hardware. Devotion packaging included.",Woman > Bags > Mini bags,5,2245.0,32.00%,os,6,19 cm,"12,5 cm",5 cm,7 cm,107 cm,0,1550.0,"H 12.5 cm x L 19.0 x D 5.0 cm / H 4.9"" x L 7.5"" x D 2.0""",242450ABS000011-80999-os
https://www.styleisnow.com/business/handbags-marni-242418abs000003-00n99.html,,http://cdn.orderlink.it/foto/242418SBMP0179Q0P3860/SBMP0179Q0P3860yfp-13.jpg,http://cdn.orderlink.it/foto/242418SBMP0179Q0P3860/SBMP0179Q0P3860wnv-14.jpg,http://cdn.orderlink.it/foto/242418SBMP0179Q0P3860/SBMP0179Q0P3860gqq-15.jpg,Marni,242418ABS000003-00N99,Fall - Winter,2024,SBMP0179Q0 P3860,00N99,Nero,BLACK,Italy,52% CO 48% PA,tropicalia handbag,"The Marni Tropicalia handbag is made of raffia-effect fabric with matching leather trims, handles and base. The contrasting embroidered logo adds a touch of elegance. It features a magnetic closure, a fabric-lined interior with a credit card slot, and an adjustable and removable leather shoulder strap. The gold-finished metal accessories complete the look.",Woman > Bags > Handbags,14,1020.0,38.00%,os,15,28 cm,"30,5 cm","7,5 cm",4 cm,0,0,700.0,"H 30.5 cm x L 28.0 x D 7.5 cm / H 12.0"" x L 11.0"" x D 3.0""",242418ABS000003-00N99-os
https://www.styleisnow.com/business/backpacks-and-duffel-bags-carhartt-wip-242807fza000001-1yhxx.html,,http://cdn.orderlink.it/foto/242807I031468/I031468jwa-13.jpg,http://cdn.orderlink.it/foto/242807I031468/I031468nmj-14.jpg,http://cdn.orderlink.it/foto/242807I031468/I031468ijf-15.jpg,Carhartt Wip,242807FZA000001-1YHXX,Fall - Winter,2024,I031468,1YHXX,Giallo,BOURBON,Vietnam,100% PL (rec),kickflip backpack in recycled fabric,"Kickflip backpack from Carhartt made of waterproof technical canvas obtained from 100% recycled polyester fibers, with the iconic logo tag applied to the front and on the shoulder strap. Main compartment with double-slider zipper closure, top zipped pocket, one side mesh pocket and a zippered one, tuck-buckles and skateboard straps on the front. Adjustable shoulder straps with buckled strap and padded back, technical fabric interior.",Man > Bags > Backpacks and Duffel bags,6,115.0,29.99%,os,7,38 cm,50 cm,15 cm,4 cm,0,0,80.0,"H 50.0 cm x L 38.0 x D 15.0 cm / H 19.7"" x L 15.0"" x D 5.9""",242807FZA000001-1YHXX-os
https://www.styleisnow.com/business/crossbody-and-shoulder-bags-pinko-242783abs000016-z14qs.html,,http://cdn.orderlink.it/foto/242783100059A0F1/100059A0F1ayf-13.jpg,http://cdn.orderlink.it/foto/242783100059A0F1/100059A0F1crv-14.jpg,http://cdn.orderlink.it/foto/242783100059A0F1/100059A0F1tmk-15.jpg,Pinko,242783ABS000016-Z14QS,Fall - Winter,2024,100059 A0F1,Z14QS,Bianco,BIANCO SETA-ANTIQUE GOLD,China,100% leather,classic love icon simply bag,Pinko shoulder bag made of leather and featuring an interlocking closure with iconic Love Birds and studs. Suede interior with two gusseted compartments divided by a zipper pocket and a flat leather pocket. Chain shoulder strap with adjustable leather insert and antique gold-finished metalware.,Woman > Bags > Crossbody and Shoulder bags,27,340.0,40.00%,os,28,21 cm,"12,5 cm","5,5 cm",0,114 cm,0,230.0,"H 12.5 cm x L 21.0 x D 5.5 cm / H 4.9"" x L 8.3"" x D 2.2""",242783ABS000016-Z14QS-os
https://www.styleisnow.com/business/crossbody-and-shoulder-bags-pinko-242783abs000006-z14qs.html,,http://cdn.orderlink.it/foto/242783100941A0F1/100941A0F1xlc-13.jpg,http://cdn.orderlink.it/foto/242783100941A0F1/100941A0F1kfl-14.jpg,http://cdn.orderlink.it/foto/242783100941A0F1/100941A0F1otl-15.jpg,Pinko,242783ABS000006-Z14QS,Fall - Winter,2024,100941 A0F1,Z14QS,Bianco,BIANCO SETA-ANTIQUE GOLD,China,92% bovine leather 8% PU,classic love bag one handbag,"The Classic Love Bag One by Pinko is made of soft silk hand leather with the iconic metal Love Birds Diamond Cut buckle applied on the flap. It has a snap closure, and the interior is lined with suede microfiber and features a central zip pocket and an open leather pocket. The shoulder strap combines the classic round chain with a practical adjustable leather shoulder pad. The hardware is in antique gold.",Woman > Bags > Crossbody and Shoulder bags,19,380.0,40.00%,os,20,27 cm,16 cm,"6,5 cm",0,105 cm,0,260.0,"H 16.0 cm x L 27.0 x D 6.5 cm / H 6.3"" x L 10.6"" x D 2.6""",242783ABS000006-Z14QS-os
https://www.styleisnow.com/business/tote-bags-marc-jacobs-242445abs000031-624.html,,http://cdn.orderlink.it/foto/242445M0017027/M0017027jqx-13.jpg,http://cdn.orderlink.it/foto/242445M0017027/M0017027hzx-14.jpg,http://cdn.orderlink.it/foto/242445M0017027/M0017027ckv-15.jpg,Marc Jacobs,242445ABS000031-624,Fall - Winter,2024,M0017027,624,Rosa,ROSE,Vietnam,64%CO 36%PL,the jacquard medium tote bag,"The Jacquard Medium Tote Bag by Marc Jacobs in cotton-blend canvas, featuring double top handle, adjustable and removable shoulder strap, front contrasting jacquard logo, rear fabric logo patch, zip closure and side handle. Unlined interior with two open pockets and a zippered one. Silver-finished metalware.",Woman > Bags > Tote bags,26,505.0,40.00%,os,28,34 cm,27 cm,15 cm,12 cm,110 cm,0,350.0,"H 27.0 cm x L 34.0 x D 15.0 cm / H 10.6"" x L 13.4"" x D 5.9""",242445ABS000031-624-os
https://www.styleisnow.com/business/crossbody-and-shoulder-bags-pinko-242783abs000016-o81qc.html,,http://cdn.orderlink.it/foto/241783100059A0F1/100059A0F1dbb-13.jpg,http://cdn.orderlink.it/foto/241783100059A0F1/100059A0F1hjc-14.jpg,http://cdn.orderlink.it/foto/241783100059A0F1/100059A0F1hss-15.jpg,Pinko,242783ABS000016-O81QC,Fall - Winter,2024,100059 A0F1,O81QC,Rosa,CIPRIA-ANTIQUE GOLD,China,100% leather,classic love icon simply bag,Pinko shoulder bag made of leather and featuring an interlocking closure with iconic Love Birds and studs. Suede interior with two gusseted compartments divided by a zipper pocket and a flat leather pocket. Chain shoulder strap with adjustable and removable leather insert. Antique gold-finished metalware.,Woman > Bags > Crossbody and Shoulder bags,17,340.0,40.00%,os,18,21 cm,"12,5 cm","5,5 cm",0,114 cm,0,230.0,"H 12.5 cm x L 21.0 x D 5.5 cm / H 4.9"" x L 8.3"" x D 2.2""",242783ABS000016-O81QC-os
https://www.styleisnow.com/business/tote-bags-longchamp-242360abs000003-p87.html,,http://cdn.orderlink.it/foto/242360L1899089/L1899089ycg-13.jpg,http://cdn.orderlink.it/foto/242360L1899089/L1899089gka-14.jpg,http://cdn.orderlink.it/foto/242360L1899089/L1899089tls-15.jpg,Longchamp,242360ABS000003-P87,Fall - Winter,2024,L1899089,P87,Viola,AMARANTO,Romania,100% PA 100% leather,le pliage original l shoulder bag,"Longchamp large Le Pliage foldable shopping bag with contrast leather handles and flap with embossed logo and snap button. Zip closure with gold-tone metal zip puller, inside two open pockets. It can be carried by hand or on the shoulder.",Woman > Bags > Tote bags,4,165.0,23.00%,os,18,51 cm,30 cm,19 cm,23 cm,0,0,120.0,"H 30.0 cm x L 51.0 x D 19.0 cm / H 11.8"" x L 20.1"" x D 7.5""",242360ABS000003-P87-os
https://www.styleisnow.com/business/belt-bags-burberry-242481fbs000008-b8687.html,,http://cdn.orderlink.it/foto/2424818093780/8093780mwl-13.jpg,http://cdn.orderlink.it/foto/2424818093780/8093780xsd-14.jpg,http://cdn.orderlink.it/foto/2424818093780/8093780bjq-15.jpg,Burberry,242481FBS000008-B8687,Fall - Winter,2024,8093780,B8687,Nero,BLACK/CALICO,Romania,92% PL 8% PU,check marsupial,"The Burberry Marsupio is made of technical fabric with the iconic Burberry Check pattern and adorned with an Equestrian Knight Design appliqué. It features a two-way zip closure, a lined interior, and an additional back pocket. The adjustable strap is made of ribbon and the metallic accessories have a silver finish.",Man > Bags > Belt bags,1,990.0,30.00%,os,2,"28,5 cm",16 cm,11 cm,0,0,0,680.0,"H 16.0 cm x L 28.5 x D 11.0 cm / H 6.3"" x L 11.2"" x D 4.3""",242481FBS000008-B8687-os
https://www.styleisnow.com/business/handbags-valentino-garavani-242032abs000012-0no.html,,http://cdn.orderlink.it/foto/2320323W2B0K53ZXL/3W2B0K53ZXLtjp-13.jpg,http://cdn.orderlink.it/foto/2320323W2B0K53ZXL/3W2B0K53ZXLaif-14.jpg,http://cdn.orderlink.it/foto/2320323W2B0K53ZXL/3W2B0K53ZXLcbl-15.jpg,Valentino Garavani,242032ABS000012-0NO,Fall - Winter,2024,5W2B0K53ZXL,0NO,Nero,NERO,Italy,100% calf leather,small locò shoulder bag,"Valentino Garavani ""Locò"" leather shoulder bag with tone-on-tone Signature VLogo element on the flap. Magnetic closure, smooth leather interior with one open pocket, detachable leather handle and detachable chain strap. Gold-finished metalware.",Woman > Bags > Handbags,5,2540.0,25.00%,os,7,"19,5 cm",10 cm,"5,5 cm",11 cm,0,0,1750.0,"H 10.0 cm x L 19.5 x D 5.5 cm / H 3.9"" x L 7.7"" x D 2.2""",242032ABS000012-0NO-os
https://www.styleisnow.com/business/clutch-bags-marc-jacobs-242445abs000024-001.html,,http://cdn.orderlink.it/foto/2424452S4SCP001S02/2S4SCP001S02aet-13.jpg,http://cdn.orderlink.it/foto/2424452S4SCP001S02/2S4SCP001S02qsc-14.jpg,http://cdn.orderlink.it/foto/2424452S4SCP001S02/2S4SCP001S02ycv-15.jpg,Marc Jacobs,242445ABS000024-001,Fall - Winter,2024,2S4SCP001S02,001,Nero,BLACK,Vietnam,100% cow leather,"in italian translates to ""la pouch","This Marc Jacobs pouch is made of hammered leather with an embossed logo lettering. It features a zip closure, a lined interior with three credit card slots, and a removable wrist strap. The metallic accessories have a palladium finish.",Woman > Bags > Clutch bags,9,230.0,40.00%,os,12,28 cm,21 cm,0,0,0,0,160.0,"H 21.0 cm x L 28.0 x D 0.0 cm / H 8.3"" x L 11.0"" x D 0.0""",242445ABS000024-001-os
https://www.styleisnow.com/business/tote-bags-marni-242418fbs000004-zo746.html,,http://cdn.orderlink.it/foto/241418SHMQ0037A0P5769/SHMQ0037A0P5769bpu-13.jpg,http://cdn.orderlink.it/foto/241418SHMQ0037A0P5769/SHMQ0037A0P5769cfg-14.jpg,http://cdn.orderlink.it/foto/241418SHMQ0037A0P5769/SHMQ0037A0P5769mru-15.jpg,Marni,242418FBS000004-ZO746,Fall - Winter,2024,SHMQ0037A0 P5769,ZO746,Beige,BLACK CORK,Italy,64% PU 36% PL,tribeca tote bag,Tribeca tote bag by Marni crafted in colorblock PVC with contrasting lettering logo print on front and leather handles with removable leather tag with debossed logo. Unlined.,Man > Bags > Tote bags,9,505.0,38.00%,os,10,"32,5 cm","39,5 cm",15 cm,19 cm,0,8050268798050,350.0,"H 39.5 cm x L 32.5 x D 15.0 cm / H 15.6"" x L 12.8"" x D 5.9""",242418FBS000004-ZO746-os
https://www.styleisnow.com/business/tote-bags-isabel-marant-242441abs000009-90be.html,,http://cdn.orderlink.it/foto/241441PM0001FAA1X19M/PM0001FAA1X19Mkwb-13.jpg,http://cdn.orderlink.it/foto/241441PM0001FAA1X19M/PM0001FAA1X19Mzzp-14.jpg,http://cdn.orderlink.it/foto/241441PM0001FAA1X19M/PM0001FAA1X19Mgrm-15.jpg,Isabel Marant,242441ABS000009-90BE,Fall - Winter,2024,PM0001FA A1X19M,90BE,Beige,BEIGE,India,100% CO,logo yenky tote bag,"Yenky tote bag by Isabel Marant crafted in pure cotton canvas featuring contrasting front logo embroidery. Unlined interior, double top handle.",Woman > Bags > Tote bags,6,245.0,35.00%,os,7,38 cm,35 cm,21 cm,22 cm,0,0,170.0,"H 35.0 cm x L 38.0 x D 21.0 cm / H 13.8"" x L 15.0"" x D 8.3""",242441ABS000009-90BE-os
