Product Url,Image,Image1,Image2,Image3,Vendor,Sku Styleisnow,Season,Year,SKU,Variant,Color detail,Color Supplier,Made in,Material,Product's Title,Description,Tags,Qty,Retail Price,Discount,Size,Qty Detail,Handle height,Shoulder bag length,Belt length,Belt height,Accessory length,Accessory height,Accessory weight,Heel height,Plateau height,Barcode,Compare to Price,Qty_Detail,SKU FULL
https://www.styleisnow.com/business/cardholders-alexander-mcqueen-232527fpc000001-1000.html,,http://cdn.orderlink.it/foto/232527649212DZTIY/649212DZTIYrfa-13.jpg,http://cdn.orderlink.it/foto/232527649212DZTIY/649212DZTIYebl-14.jpg,http://cdn.orderlink.it/foto/232527649212DZTIY/649212DZTIYaie-15.jpg,Alexander Mcqueen,232527FPC000001-1000,Spring - Summer,2024,649212 DZTIY,1000,Nero,BLACK,Italy,100% calfskin,skull cardholder,Alexander McQueen cardholder crafted in croc-embossed leather with iconic Skull on the front. It features four credit card slots and a central slit pocket with leather lining.,Man > Accessories > Wallets and small leather goods > Cardholders,3,230.0,52.00%,os,6,,,0.0,0,11 cm,7 cm,0,0,,0,160.0,6,232527FPC000001-1000-os
https://www.styleisnow.com/business/sneakers-alexander-mcqueen-232527ncx000001-9000.html,,http://cdn.orderlink.it/foto/201527604257W4L32/604257W4L32rjv-13.jpg,http://cdn.orderlink.it/foto/201527604257W4L32/604257W4L32wok-14.jpg,http://cdn.orderlink.it/foto/202527611705W4L32/611705W4L32xae-16.jpg,Alexander Mcqueen,232527NCX000001-9000,Spring - Summer,2024,697072 W4MV2,9000,Bianco,WHITE,Italy,100% CO,tread sleek sneakers,"Alexander McQueen cotton canvas sneakers with tonal rubber toe and base. They feature the embossed logo on the side, silver-tone metal eyelets, back logo tab and silver-printed logo on the tongue. Leather lining, rubber sole. Extra laces included.",Woman > Shoes > Sneakers,5,705.0,40.00%,41,"0,0,0,0,0,0,0,0,0,0,0,0,3,0,2,0,0,0,0,0,0,0,0,0,0,0,0,0",,,,,,,,"45.0 mm / 1.8""",0,0,490.0,2,232527NCX000001-9000-41
https://www.styleisnow.com/business/mules-alexander-mcqueen-241527nsp000002-1000.html,,http://cdn.orderlink.it/foto/241527780765W4EM0/780765W4EM0rpx-13.jpg,http://cdn.orderlink.it/foto/241527780765W4EM0/780765W4EM0avt-14.jpg,http://cdn.orderlink.it/foto/241527780765W4EM0/780765W4EM0lhu-16.jpg,Alexander Mcqueen,241527NSP000002-1000,Spring - Summer,2024,780765 W4EM0,1000,Nero,BLACK,Italy,"100% SE, 100% leather",slides with silk detail,"Alexander McQueen slides made of silk and featuring an adorned band. Leather footbed, and leather sole.",Woman > Shoes > Mules,1,885.0,46.00%,37,"0,0,0,0,2,0,2,0,2,0,2,0,1,0,0,0,0,0,0,0,0,0,0,0,0,0,0,0",,,,,,,,0,0,0,610.0,2,241527NSP000002-1000-37
https://www.styleisnow.com/business/sneakers-valentino-garavani-241032lsn000010-0bo.html,,http://cdn.orderlink.it/foto/2410324Y2S0H43RDG/4Y2S0H43RDGdmx-13.jpg,http://cdn.orderlink.it/foto/2410324Y2S0H43RDG/4Y2S0H43RDGdee-14.jpg,http://cdn.orderlink.it/foto/2410324Y2S0H43RDG/4Y2S0H43RDGmxe-16.jpg,Valentino Garavani,241032LSN000010-0BO,Spring - Summer,2024,4Y2S0H43RDG,0BO,Bianco,BIANCO,Italy,100% calf leather,freedots low-top sneakers,"Freedots low-top sneakers by Valentino Garavani crafted in soft leather with tonal smooth leather inserts and embossed logo on the outer side. Perforated toe and sides, visible stitching, fabric logo patch on tongue, fabric-lined interior with removable insole. Decorated with rubberized studs on welt and lettering logo detail on bottom of the rubber sole. Spare laces included.",Man > Shoes > Sneakers,1,965.0,42.00%,41,"0,0,0,0,0,0,0,0,1,0,2,0,1,0,0,0,1,0,0,0,0,0,0,0,0,0,0",,,,,,,,"35.0 mm / 1.4""","1,5 cm",8052962497222,660.0,2,241032LSN000010-0BO-41
https://www.styleisnow.com/business/cardholders-dolce-gabbana-241450fpc000002-hbii7.html,,http://cdn.orderlink.it/foto/241450BP0330AN244/BP0330AN244vly-13.jpg,http://cdn.orderlink.it/foto/241450BP0330AN244/BP0330AN244yyw-14.jpg,http://cdn.orderlink.it/foto/241450BP0330AN244/BP0330AN244nro-15.jpg,Dolce & Gabbana,241450FPC000002-HBII7,Spring - Summer,2024,BP0330 AN244,HBII7,Blu,DG MI ITALIA F BLU,Italy,100% calf leather,logo leather cardholder,"Dolce & Gabbana cardholder crafted in smooth leather featuring contrasting lettering logo print, top slit pocket and four card slots.",Man > Accessories > Wallets and small leather goods > Cardholders,1,225.0,46.00%,os,9,,,0.0,0,10 cm,"7,5 cm",0,0,,8056265942342,150.0,9,241450FPC000002-HBII7-os
https://www.styleisnow.com/business/sweatshirts-y-3-241589ufe000003-black.html,http://cdn.orderlink.it/foto/241589IZ3169/IZ3169nhm-20.jpg,http://cdn.orderlink.it/foto/241589IZ3169/IZ3169psx-13.jpg,http://cdn.orderlink.it/foto/241589IZ3169/IZ3169ixa-14.jpg,http://cdn.orderlink.it/foto/241589IZ3169/IZ3169roh-15.jpg,Y-3,241589UFE000003-BLACK,Spring - Summer,2024,IZ3169,BLACK,Nero,BLACK,Pakistan,96%CO 4%EA,hoodie with gradient logo print,"Y-3 sweatshirt crafted in pure cotton french terry with gradient-effect logo print on the chest. It features adjustable hood with drawstring, ribbed hem and cuffs. Loose fit with dropped shoulders. The model is 187 cm tall and wears size M.",Man > Clothing > T-Shirts and Sweatshirts > Sweatshirts,7,360.0,50.00%,l,"2,1,4,1,0,0,0,0,0,0,0,0",,,,,,,,0,,4067889059570,250.0,2,241589UFE000003-BLACK-l
https://www.styleisnow.com/business/t-shirts-and-polo-shirts-isabel-marant-etoile-241409dts000006-01bk.html,http://cdn.orderlink.it/foto/231409TS0001FAA1N10E/TS0001FAA1N10Emxf-20.jpg,http://cdn.orderlink.it/foto/231409TS0001FAA1N10E/TS0001FAA1N10Ezds-13.jpg,http://cdn.orderlink.it/foto/231409TS0001FAA1N10E/TS0001FAA1N10Eifw-14.jpg,http://cdn.orderlink.it/foto/231409TS0001FAA1N10E/TS0001FAA1N10Eozq-15.jpg,Isabel Marant Etoile,241409DTS000006-01BK,Spring - Summer,2024,TS0001FB A1N10E,01BK,Nero,BLACK,Tunisia,100% LI,zewel t-shirt with metallic logo print,"Crew neck t-shirt in slub linen jersey by Isabel Marant Etoile, embellished with vintage-effect metallic logo print. Loose fit. The model is 177 cm tall and wears a size XS.",Woman > Clothing > Tops and Sweatshirts > T-shirts and Polo shirts,2,205.0,44.00%,xs,"5,5,2,0,4,0,0,0,0",,,,,,,,0,,3613615963713,140.0,4,241409DTS000006-01BK-xs
https://www.styleisnow.com/business/sneakers-new-balance-241321xsn000027-whbld.html,,http://cdn.orderlink.it/foto/241321BB550NQB/BB550NQBizb-13.jpg,http://cdn.orderlink.it/foto/241321BB550NQB/BB550NQBadl-14.jpg,http://cdn.orderlink.it/foto/241321BB550NQB/BB550NQBbwe-16.jpg,New Balance,241321XSN000027-WHBLD,Spring - Summer,2024,BB550NQB,WHBLD,Bianco,WHITE BLUE D,China,"100% leather, 100% TR",550 sneakers,"The New Balance 550 leather sneakers feature side perforations, an iconic ""N"" in suede on the sides, an ""NB"" logo imprinted on the suede insert at the back, and a ""550"" print on the side. The padded tongue is made of technical fabric with a fabric logo patch, while the spoiler is also made of technical fabric. The interior is lined with fabric and has a removable insole, and the rubber sole features a raised lateral logo and contrasting bottom.",Unisex > Calzature unisex > Sneakers,3,180.0,40.00%,44,"0,0,0,0,0,0,0,0,0,0,0,2,0,0,1,2,4,0,2,2,0,0,0,2,0",,,,,,,,"30.0 mm / 1.2""",0,197376290668,120.0,2,241321XSN000027-WHBLD-44
https://www.styleisnow.com/business/pumps-dolce-gabbana-241450nde000005-80999.html,,http://cdn.orderlink.it/foto/241450CD1851A7630/CD1851A7630uwx-13.jpg,http://cdn.orderlink.it/foto/241450CD1851A7630/CD1851A7630yvt-14.jpg,http://cdn.orderlink.it/foto/241450CD1851A7630/CD1851A7630tix-16.jpg,Dolce & Gabbana,241450NDE000005-80999,Spring - Summer,2024,CD1851 A7630,80999,Nero,NERO,Italy,65%VI 35%SE,satin dã©collet,"The Lollo line by Dolce & Gabbana presents these elegant dÃ©colletÃ© shoes, made of a silk blend satin fabric and enriched with a two-tone stiletto heel in lacquered metal featuring the DG logo in silver. The interior is lined with leather and the sole is made of leather as well.",Woman > Shoes > Pumps,1,1020.0,44.00%,38,"0,0,0,0,0,0,0,0,2,0,2,0,1,0,1,0,0,0,0,0,0,0,0,0,0,0,0,0",,,,,,,,"105.0 mm / 4.1""",0,8051200626738,700.0,2,241450NDE000005-80999-38
https://www.styleisnow.com/business/sneakers-salomon-241241xsn000009-wvilr.html,,http://cdn.orderlink.it/foto/241241L47179900/L47179900iwv-13.jpg,http://cdn.orderlink.it/foto/241241L47179900/L47179900fjc-14.jpg,http://cdn.orderlink.it/foto/241241L47179900/L47179900fxu-16.jpg,Salomon,241241XSN000009-WVILR,Spring - Summer,2024,L47179900,WVILR,Bianco,WHITE VANILLA ICE LUNAR ROCK,Vietnam,100% TR,acs pro sneakers,"Salomon's ""Acs Pro"" sneakers with SensiFit™ single-layer, Anti-debris mesh upper and Quicklace™ lacing system with under-tab pocket for drawstring storage. Removable OrthoLite® insole, two rear pull-tabs and All Terrain Contagrip® rubber outsole.",Unisex > Calzature unisex > Sneakers,1,255.0,37.00%,9,"0,0,0,0,0,0,0,0,2,3,3,3,0,1,9,3,0,0,0,0,11,4,7,4,1,0,0,0,0",,,,,,,,"40.0 mm / 1.6""",0,195751215473,180.0,4,241241XSN000009-WVILR-9
https://www.styleisnow.com/business/pumps-carel-241a03nsd000007-noir.html,,http://cdn.orderlink.it/foto/241A03PECHE/PECHEdwn-13.jpg,http://cdn.orderlink.it/foto/241A03PECHE/PECHEuji-14.jpg,http://cdn.orderlink.it/foto/241A03PECHE/PECHEpqb-16.jpg,Carel,241A03NSD000007-NOIR,Fall - Winter,2024,PECHE,NOIR,Nero,NOIR,Italy,100% goat leather,patent leather pêche slingback mary jane,Mary Jane slingback by Carel made of patent leather with adjustable straps. Leather footbed and sole.,Woman > Shoes > Pumps,1,535.0,35.00%,37,"0,0,0,0,0,0,2,0,0,0,0,0,3,0,1,0,0,0,0,0,0,0,0,0,0,0,0,0",,,,,,,,"25.0 mm / 1.0""",0,3606101329728,370.0,2,241A03NSD000007-NOIR-37
https://www.styleisnow.com/business/sandals-castaner-241652nwe000015-2017.html,,http://cdn.orderlink.it/foto/231652CHIARA8ED002/CHIARA8ED002lxs-13.jpg,http://cdn.orderlink.it/foto/231652CHIARA8ED002/CHIARA8ED002lri-14.jpg,http://cdn.orderlink.it/foto/231652CHIARA8ED002/CHIARA8ED002dif-16.jpg,Castaner,241652NWE000015-2017,Spring - Summer,2024,CHIARA 8ED 002,2017,Beige,SAND,Spain,100% CO,chiara wedge espadrilles,"Chiara handmade espadrilles by Castaner with front canvas V-shaped upper and contrasting heel with ribbon tied at the ankle. Wedge covered in braided rope, canvas interior, rubber sole.",Woman > Shoes > Sandals,3,155.0,48.00%,39,"0,0,0,0,0,0,0,0,0,0,3,0,0,0,0,0,0,0,0,0,0,0,0,0,0,0,0,0",,,,,,,,"110.0 mm / 4.3""","1,5 cm",8434483583569,110.0,3,241652NWE000015-2017-39
https://www.styleisnow.com/business/t-shirts-maison-kitsune-241684uts000007-p384.html,http://cdn.orderlink.it/foto/241684LM00110KJ0008/LM00110KJ0008lkd-20.jpg,http://cdn.orderlink.it/foto/241684LM00110KJ0008/LM00110KJ0008uin-13.jpg,http://cdn.orderlink.it/foto/241684LM00110KJ0008/LM00110KJ0008lrh-14.jpg,http://cdn.orderlink.it/foto/241684LM00110KJ0008/LM00110KJ0008kme-15.jpg,Maison Kitsune,241684UTS000007-P384,Spring - Summer,2024,LM00110KJ0008,P384,Verde,MILITARY GREEN,Portugal,100% CO,chillax fox t-shirt,"Maison Kitsuné crew-neck t-shirt in light cotton jersey, detailed with the iconic Chillax Fox embroidered on the chest. Relaxed fit, micro ribbed neck. The model is 187 cm tall and wears a size L.",Man > Clothing > T-Shirts and Sweatshirts > T-shirts,1,130.0,52.01%,s,"1,6,4,4,0,0,0,0,0,0,0,0",,,,,,,,0,,3700794276571,90.0,4,241684UTS000007-P384-s
https://www.styleisnow.com/business/sneakers-veja-241773nsn000008-exwbd.html,,http://cdn.orderlink.it/foto/241773XD0203640A/XD0203640Admo-13.jpg,http://cdn.orderlink.it/foto/241773XD0203640A/XD0203640Aulw-14.jpg,http://cdn.orderlink.it/foto/241773XD0203640A/XD0203640Ayee-16.jpg,Veja,241773NSN000008-EXWBD,Spring - Summer,2024,XD0203640A,EXWBD,Bianco,EXTRA WHITE BLACK DUNE,Brazil,100% leather,leather v-12 sneakers,"Veja V-12 sneakers in smooth leather, characterized by the side V monograms and the contrasting heel tab. Logo print on the heel tab, debossed logo on the tongue, debossed ""V-12"" on the side, interior in eco-sustainable fabric with removable insole, natural rubber sole from the Amazon Forest.",Woman > Shoes > Sneakers,2,205.0,42.00%,39,"0,0,0,0,2,0,2,0,8,0,6,0,0,0,0,0,0,0,0,0,0,0,0,0,0,0,0,0",,,,,,,,"30.0 mm / 1.2""",0,3611820873933,140.0,6,241773NSN000008-EXWBD-39
https://www.styleisnow.com/business/shorts-agolde-241903dsh000004-dkswt.html,http://cdn.orderlink.it/foto/241903A026E1206/A026E1206nfv-20.jpg,http://cdn.orderlink.it/foto/241903A026E1206/A026E1206zwy-13.jpg,http://cdn.orderlink.it/foto/241903A026E1206/A026E1206cgt-14.jpg,http://cdn.orderlink.it/foto/241903A026E1206/A026E1206hov-15.jpg,Agolde,241903DSH000004-DKSWT,Spring - Summer,2024,A026E 1206,DKSWT,Blu,DRK SWAPMEET,Turkey,100%CO,denim parker shorts for men,"The Agolde Parker shorts are made from cotton denim sourced from regenerative agriculture. They feature a medium vintage wash with distressed details and a frayed raw hem. The five-pocket design has a regular fit, with hidden logo buttons for closure and belt loops at the waist. The model is 177 cm tall and wears a size 26.",Woman > Clothing > Jeans > Shorts,3,270.0,52.00%,26,"0,0,0,0,2,0,0,0,0,0,0,0,0,0,0,0,0",,,,,,,,0,,0,190.0,2,241903DSH000004-DKSWT-26
https://www.styleisnow.com/business/mini-ganni-241671dgn000010-091.html,http://cdn.orderlink.it/foto/241671J1423/J1423rdc-20.jpg,http://cdn.orderlink.it/foto/241671J1423/J1423rym-13.jpg,http://cdn.orderlink.it/foto/241671J1423/J1423jdc-14.jpg,http://cdn.orderlink.it/foto/241671J1423/J1423qmv-15.jpg,Ganni,241671DGN000010-091,Spring - Summer,2024,J1423,091,Blu,TINT WASH,Turkey,100%CO,denim mini skirt,"This Ganni mini skirt is made of organic cotton denim with a medium vintage wash. It features a five-pocket design with a trapeze cut, and is signed on the back with an embroidered GANNI patch and Butterfly logo in rhinestones. The closure is a hidden zip and branded button, with belt loops at the waist. The model is 177 cm tall and wears an EU size 34.",Woman > Clothing > Skirts > Mini,5,225.0,50.00%,36,"0,0,0,2,1,0,0,0,0",,,,,,,,0,,0,150.0,2,241671DGN000010-091-36
https://www.styleisnow.com/business/necklaces-versace-241417fbg000010-4j750.html,,http://cdn.orderlink.it/foto/24141710145621A00620/10145621A00620jvn-13.jpg,http://cdn.orderlink.it/foto/24141710145621A00620/10145621A00620tji-14.jpg,http://cdn.orderlink.it/foto/24141710145621A00620/10145621A00620abr-15.jpg,Versace,241417FBG000010-4J750,Spring - Summer,2024,1014562 1A00620,4J750,Argento,PALLADIUM BLACK,Italy,100% ME,90's vintage logo necklace,This Versace necklace is made of silver metal and features a plaque pendant with an engraved logo framed by a checkered pattern. It has an adjustable closure with a lobster clasp.,Man > Accessories > Jewellery > Necklaces,1,540.0,44.00%,os,6,,,0,0,49 cm,,0,0,,0,370.0,6,241417FBG000010-4J750-os
https://www.styleisnow.com/business/jeans-dsquared2-241431uje000010-470n.html,http://cdn.orderlink.it/foto/241431S79LA0072S30309/S79LA0072S30309hyk-20.jpg,http://cdn.orderlink.it/foto/241431S79LA0072S30309/S79LA0072S30309kfu-13.jpg,http://cdn.orderlink.it/foto/241431S79LA0072S30309/S79LA0072S30309wnd-14.jpg,http://cdn.orderlink.it/foto/241431S79LA0072S30309/S79LA0072S30309qon-15.jpg,Dsquared2,241431UJE000010-470N,Spring - Summer,2024,S79LA0072 S30309,470N,Blu,NAVY BLUE,Italy,100%CO,"""dark wash icon stamps bro jeans in","Dsquared2 Bro Jeans made of pure cotton denim, with Icon Dark Stamps wash featuring distressed details and lettering print on the thigh. Five-pocket model with regular fit and low crotch, it has hidden logo buttons closure, belt loops and a leather logo patch on the back waistband. The model is 187 cm tall and wears an IT size 48.",Man > Clothing > Jeans > Jeans,5,765.0,52.00%,46,"0,0,2,2,2,1,0,0,0,0,0,0",,,,,,,,0,,8054148340728,530.0,2,241431UJE000010-470N-46
https://www.styleisnow.com/business/sneakers-versace-232417lsn000008-1w000.html,,http://cdn.orderlink.it/foto/23141710081241A05873/10081241A05873utw-13.jpg,http://cdn.orderlink.it/foto/23141710081241A05873/10081241A05873bno-14.jpg,http://cdn.orderlink.it/foto/23141710081241A05873/10081241A05873eim-16.jpg,Versace,232417LSN000008-1W000,Spring - Summer,2024,1008124 1A05873,1W000,Bianco,OPTICAL WHITE,Italy,100% LH,odissea sneakers,"Versace ""Odissea"" leather sneakers enriched by the signature tone-on-tone embossed Greca motif. Fabric logo patch on the tongue, front lace-up closure and perforations on the toe. Lettering print on the heel tab and rear embossed logo. Fabric interior with removable leather insole and rubber sole.",Man > Shoes > Sneakers,1,755.0,52.00%,44,"0,0,0,0,0,0,0,0,0,0,0,0,0,0,4,0,4,0,0,0,0,0,0,0,0,0,0",,,,,,,,"30.0 mm / 1.2""",0,8054712759659,520.0,4,232417LSN000008-1W000-44
https://www.styleisnow.com/business/sweatshirts-polo-ralph-lauren-241696dfe000006-dkvht.html,http://cdn.orderlink.it/foto/241696211935582006/211935582006pxq-20.jpg,http://cdn.orderlink.it/foto/241696211935582006/211935582006lqe-13.jpg,http://cdn.orderlink.it/foto/241696211935582006/211935582006bkg-14.jpg,http://cdn.orderlink.it/foto/241696211935582006/211935582006rzw-15.jpg,Polo Ralph Lauren,241696DFE000006-DKVHT,Spring - Summer,2024,211935582006,DKVHT,Grigio,DARK VINTAGE HEATHER,Vietnam,100%CO,embroidered logo sweatshirt,"This Polo Ralph Lauren crew neck sweatshirt is made of soft cotton jersey with a brushed interior, featuring the iconic embroidered logo on the chest. It is finished with a V-detail at the neckline and ribbed edges, and has a regular fit. The model is 177 cm tall and wears size XS.",Woman > Clothing > Tops and Sweatshirts > Sweatshirts,2,215.0,48.00%,xs,"3,1,0,0,3,0,0,0,0",,,,,,,,0,,3616537096552,150.0,3,241696DFE000006-DKVHT-xs
https://www.styleisnow.com/business/mules-jimmy-choo-242516nde000003-bltpk.html,,http://cdn.orderlink.it/foto/242516BING100PAT/BING100PATfon-13.jpg,http://cdn.orderlink.it/foto/242516BING100PAT/BING100PATbxj-14.jpg,http://cdn.orderlink.it/foto/242516BING100PAT/BING100PATnjc-16.jpg,Jimmy Choo,242516NDE000003-BLTPK,Fall - Winter,2024,BING 100 PAT,BLTPK,Rosa,BALLET PINK,Italy,100% calf leather,bing 100 mules,"Bing patent mules by Jimmy Choo, decorated with embedded crystals on the front strap. Leather-covered heel, leather lining, leather sole.",Woman > Shoes > Mules,2,1150.0,25.00%,38,"0,0,0,0,2,0,1,0,3,0,3,0,1,0,0,0,0,0,0,0,0,0,0,0,0,0,0,0",,,,,,,,"100.0 mm / 3.9""",0,192954469313,790.0,3,242516NDE000003-BLTPK-38
https://www.styleisnow.com/business/sneakers-alexander-mcqueen-242527nsn000006-1070.html,,http://cdn.orderlink.it/foto/242527697072W4MV2/697072W4MV2yct-13.jpg,http://cdn.orderlink.it/foto/242527697072W4MV2/697072W4MV2bak-14.jpg,http://cdn.orderlink.it/foto/242527697072W4MV2/697072W4MV2ikj-16.jpg,Alexander Mcqueen,242527NSN000006-1070,Fall - Winter,2024,697072 W4MV2,1070,Bianco,BLACK WHITE,Italy,100% CO,tread slick sneakers,"Alexander McQueen cotton canvas sneakers with tonal rubber toe and base. They feature the embossed logo on the side, silver-tone metal eyelets, back logo tab and silver-printed logo on the tongue. Leather lining, rubber sole. Extra laces included.",Woman > Shoes > Sneakers,2,705.0,35.00%,36,"0,0,0,0,3,0,9,0,11,0,11,0,8,0,2,0,0,0,0,0,0,0,0,0,0,0,0,0",,,,,,,,"45.0 mm / 1.8""",0,0,490.0,3,242527NSN000006-1070-36
https://www.styleisnow.com/business/sneakers-veja-242773nsn000012-exwbk.html,,http://cdn.orderlink.it/foto/221773CP0501537/CP0501537ywr-13.jpg,http://cdn.orderlink.it/foto/221773CP0501537/CP0501537dnz-14.jpg,http://cdn.orderlink.it/foto/221773CP0501537/CP0501537xfq-16.jpg,Veja,242773NSN000012-EXWBK,Fall - Winter,2024,CP0501537A,EXWBK,Bianco,EXTRA WHITE BLACK,Brazil,100% calf leather,campo sneakers,"Campo sneakers in Chromefree grain leather by Veja, featured by side V monogram in contrasting rubber and gold-tone side logo print. Contrasting heel tab, logo embossed on the tongue and on the back, interior in eco-sustainable fabric, natural rubber sole from the Amazon Forest.",Woman > Shoes > Sneakers,20,180.0,30.00%,39,"0,0,0,0,14,0,17,0,17,0,22,0,25,0,0,0,0,0,0,0,0,0,0,0,0,0,0,0",,,,,,,,"30.0 mm / 1.2""",0,0,120.0,22,242773NSN000012-EXWBK-39
https://www.styleisnow.com/business/sneakers-veja-242773nsn000007-exwns.html,,http://cdn.orderlink.it/foto/202773CP052429CAMPO/CP052429CAMPOrqh-13.jpg,http://cdn.orderlink.it/foto/202773CP052429CAMPO/CP052429CAMPOhdp-14.jpg,http://cdn.orderlink.it/foto/202773CP052429CAMPO/CP052429CAMPOtpw-16.jpg,Veja,242773NSN000007-EXWNS,Fall - Winter,2024,CP0502429A,EXWNS,Bianco,EXTRA WHITE NATURAL SUEDE,Brazil,100% calf leather,campo sneakers,"Campo sneaker by Veja crafted in in Chromefree grain leatherwith the iconicside V monograms and the heel tab in contrasting suede. Gold-tone side logo print, contrasting logo print on the heel tab, debossed logo on the tongue, interior in eco-sustainable fabric with removable insole, natural rubber sole from the Amazon Forest.",Woman > Shoes > Sneakers,2,180.0,30.00%,40,"0,0,0,0,3,0,1,0,0,0,0,0,4,0,0,0,0,0,0,0,0,0,0,0,0,0,0,0",,,,,,,,"30.0 mm / 1.2""",0,0,120.0,4,242773NSN000007-EXWNS-40
https://www.styleisnow.com/business/boots-isabel-marant-242441nsv000001-02fk.html,,http://cdn.orderlink.it/foto/232441BO0002FAA1A03S/BO0002FAA1A03Stxk-13.jpg,http://cdn.orderlink.it/foto/232441BO0002FAA1A03S/BO0002FAA1A03Swbd-14.jpg,http://cdn.orderlink.it/foto/232441BO0002FAA1A03S/BO0002FAA1A03Snwl-16.jpg,Isabel Marant,242441NSV000001-02FK,Fall - Winter,2024,BO0002FA A1A03S,02FK,Nero,FADED BLACK,Portugal,100% calfskin,dewina boots,"Western style Dewina ankle boots by Isabel Marant in suede with side loops. Leather lining, contrasting leather sole.",Woman > Shoes > Boots and booties > Boots,1,635.0,35.00%,39,"0,0,0,0,2,0,3,0,3,0,2,0,0,0,0,0,0,0,0,0,0,0,0,0,0,0,0,0",,,,,,,,"45.0 mm / 1.8""",0,0,440.0,2,242441NSV000001-02FK-39
https://www.styleisnow.com/business/tablewear-service-projects-ogga89otb000007-vabb.html,,http://cdn.orderlink.it/foto/OGGA89SP002/SP002nnn-13.jpg,,,Service Projects,OGGA89OTB000007-VABB,Spring - Summer,20OG,SP002,VABB,Argento,VARIANTE ABBINATA,China,100%SS,engraved stainless steel mug,"Enjoy your coffee with this high-quality stainless steel coffee mug. It boasts an industrial design and is made of premium grade stainless steel, ensuring durability and long-lasting use. The insulated walls keep your drink at the perfect temperature, whether hot or cold. The engraved Service Projects logo adds a distinctive touch. This item comes as a set of two 300 ml cups. Dishwasher safe. Do not microwave.",Beauty and Lifestyle > Lifestyle > Tablewear,15,30.0,0%,os,15,0.0,0.0,0,0,0,,0,0,0,0,20.0,15,OGGA89OTB000007-VABB-os
https://www.styleisnow.com/business/earrings-valentino-garavani-242032agl000007-k0w.html,,http://cdn.orderlink.it/foto/2420325W2J0E36QVS/5W2J0E36QVSivs-13.jpg,http://cdn.orderlink.it/foto/2420325W2J0E36QVS/5W2J0E36QVShcm-14.jpg,http://cdn.orderlink.it/foto/2420325W2J0E36QVS/5W2J0E36QVSnkz-15.jpg,Valentino Garavani,242032AGL000007-K0W,Fall - Winter,2024,5W2J0E36QVS,K0W,Argento,PALLADIUM/CREAM/CRYSTAL SILVER SHADE,Italy,100%BR 100%RE,vlogo signature earrings with swarovski®,"Valentino Garavani earrings with the iconic VLogo Signature shape in silver-plated brass, adorned with Swarovski&reg  crystals. They also feature a dangling resin pearl and have a butterfly closure for pierced ears.",Woman > Accessories > Jewellery > Earrings,3,580.0,25.00%,os,4,,,0,0,0,,0,0,,0,400.0,4,242032AGL000007-K0W-os
https://www.styleisnow.com/business/trousers-brunello-cucinelli-242026dpn000003-c060.html,http://cdn.orderlink.it/foto/242026MPW07P8669/MPW07P8669miv-20.jpg,http://cdn.orderlink.it/foto/242026MPW07P8669/MPW07P8669cli-13.jpg,http://cdn.orderlink.it/foto/242026MPW07P8669/MPW07P8669bth-14.jpg,http://cdn.orderlink.it/foto/242026MPW07P8669/MPW07P8669kzw-15.jpg,Brunello Cucinelli,242026DPN000003-C060,Fall - Winter,2024,MPW07P8669,C060,Blu,BLU,Italy,75%WV 23%PA 2%EA,wide tropical luxury trousers,"High-waisted Brunello Cucinelli trousers made of lightweight Tropical Luxury wool. The tailored design features a straight and wide silhouette with double pleats, for a refined and contemporary look. Two French pockets on the sides and two flap pockets on the back complete the garment, while the Monili detail on the central back loop adds a luminous touch. The model is 177 cm tall and wears size IT 38.",Woman > Clothing > Trousers > Trousers,1,2055.0,40.00%,42,"0,0,1,1,0,0,0,0,0,0",,,,,,,,0,,0,1420.0,0,242026DPN000003-C060-42
https://www.styleisnow.com/business/ankle-boots-jimmy-choo-242516nsv000003-blck.html,,http://cdn.orderlink.it/foto/242516CYCASAB80NAP/CYCASAB80NAPokx-13.jpg,http://cdn.orderlink.it/foto/242516CYCASAB80NAP/CYCASAB80NAPhrh-14.jpg,http://cdn.orderlink.it/foto/242516CYCASAB80NAP/CYCASAB80NAPoew-16.jpg,Jimmy Choo,242516NSV000003-BLCK,Fall - Winter,2024,CYCAS AB 80 NAP,BLCK,Nero,BLACK,Italy,100% lamb leather,cycas 85,"Jimmy Choo's Cycas ankle boots are crafted in soft leather, featuring a pointed design and the iconic lacquered drop heel. The golden metal monogram detail adds a touch of luxury, while the back zip closure ensures easy wear. The interior is lined with leather and the sole is made of glossy leather with a rubber inlay for added grip.",Woman > Shoes > Boots and booties > Ankle boots,1,1350.0,28.00%,37,"0,0,0,0,1,0,2,0,2,0,2,0,1,0,1,0,0,0,0,0,0,0,0,0,0,0,0,0",,,,,,,,"85.0 mm / 3.3""",0,197255358960,930.0,2,242516NSV000003-BLCK-37
https://www.styleisnow.com/business/ankle-boots-jimmy-choo-242516nsv000003-blck.html,,http://cdn.orderlink.it/foto/242516CYCASAB80NAP/CYCASAB80NAPokx-13.jpg,http://cdn.orderlink.it/foto/242516CYCASAB80NAP/CYCASAB80NAPhrh-14.jpg,http://cdn.orderlink.it/foto/242516CYCASAB80NAP/CYCASAB80NAPoew-16.jpg,Jimmy Choo,242516NSV000003-BLCK,Fall - Winter,2024,CYCAS AB 80 NAP,BLCK,Nero,BLACK,Italy,100% lamb leather,cycas 85,"Jimmy Choo's Cycas ankle boots are crafted in soft leather, featuring a pointed design and the iconic lacquered drop heel. The golden metal monogram detail adds a touch of luxury, while the back zip closure ensures easy wear. The interior is lined with leather and the sole is made of glossy leather with a rubber inlay for added grip.",Woman > Shoes > Boots and booties > Ankle boots,1,1350.0,28.00%,38,"0,0,0,0,1,0,2,0,2,0,2,0,1,0,1,0,0,0,0,0,0,0,0,0,0,0,0,0",,,,,,,,"85.0 mm / 3.3""",0,197255358984,930.0,2,242516NSV000003-BLCK-38
https://www.styleisnow.com/business/ankle-boots-jimmy-choo-242516nsv000003-blck.html,,http://cdn.orderlink.it/foto/242516CYCASAB80NAP/CYCASAB80NAPokx-13.jpg,http://cdn.orderlink.it/foto/242516CYCASAB80NAP/CYCASAB80NAPhrh-14.jpg,http://cdn.orderlink.it/foto/242516CYCASAB80NAP/CYCASAB80NAPoew-16.jpg,Jimmy Choo,242516NSV000003-BLCK,Fall - Winter,2024,CYCAS AB 80 NAP,BLCK,Nero,BLACK,Italy,100% lamb leather,cycas 85,"Jimmy Choo's Cycas ankle boots are crafted in soft leather, featuring a pointed design and the iconic lacquered drop heel. The golden metal monogram detail adds a touch of luxury, while the back zip closure ensures easy wear. The interior is lined with leather and the sole is made of glossy leather with a rubber inlay for added grip.",Woman > Shoes > Boots and booties > Ankle boots,1,1350.0,28.00%,39,"0,0,0,0,1,0,2,0,2,0,2,0,1,0,1,0,0,0,0,0,0,0,0,0,0,0,0,0",,,,,,,,"85.0 mm / 3.3""",0,197255359004,930.0,2,242516NSV000003-BLCK-39
https://www.styleisnow.com/business/ballet-flats-jimmy-choo-242516nfl000002-a0027.html,,http://cdn.orderlink.it/foto/242516ELISAFLATPTZ/ELISAFLATPTZfbh-13.jpg,http://cdn.orderlink.it/foto/242516ELISAFLATPTZ/ELISAFLATPTZbyl-14.jpg,http://cdn.orderlink.it/foto/242516ELISAFLATPTZ/ELISAFLATPTZnjr-16.jpg,Jimmy Choo,242516NFL000002-A0027,Fall - Winter,2024,ELISA FLAT PTZ,A0027,Nero,BLACK BLACK,Italy,80%lamb leather 20%calf leather,elisa ballet flats in nappa leather,"The Elisa ballerina flats by Jimmy Choo are made of soft leather and feature a pointed toe and patent leather strap, embellished with the iconic pearl logo for a touch of sophistication. The lining and insole are both made of leather, while the sole is crafted from high-quality leather. These elegant flats are perfect for adding a refined touch to any outfit.",Woman > Shoes > Flats > Ballet flats,1,835.0,28.00%,37,"0,0,0,0,1,0,2,0,2,0,2,0,2,0,1,0,0,0,0,0,0,0,0,0,0,0,0,0",,,,,,,,"5.0 mm / 0.2""",0,196176941848,580.0,2,242516NFL000002-A0027-37
https://www.styleisnow.com/business/ballet-flats-jimmy-choo-242516nfl000002-a0027.html,,http://cdn.orderlink.it/foto/242516ELISAFLATPTZ/ELISAFLATPTZfbh-13.jpg,http://cdn.orderlink.it/foto/242516ELISAFLATPTZ/ELISAFLATPTZbyl-14.jpg,http://cdn.orderlink.it/foto/242516ELISAFLATPTZ/ELISAFLATPTZnjr-16.jpg,Jimmy Choo,242516NFL000002-A0027,Fall - Winter,2024,ELISA FLAT PTZ,A0027,Nero,BLACK BLACK,Italy,80%lamb leather 20%calf leather,elisa ballet flats in nappa leather,"The Elisa ballerina flats by Jimmy Choo are made of soft leather and feature a pointed toe and patent leather strap, embellished with the iconic pearl logo for a touch of sophistication. The lining and insole are both made of leather, while the sole is crafted from high-quality leather. These elegant flats are perfect for adding a refined touch to any outfit.",Woman > Shoes > Flats > Ballet flats,1,835.0,28.00%,38,"0,0,0,0,1,0,2,0,2,0,2,0,2,0,1,0,0,0,0,0,0,0,0,0,0,0,0,0",,,,,,,,"5.0 mm / 0.2""",0,196176941862,580.0,2,242516NFL000002-A0027-38
https://www.styleisnow.com/business/ballet-flats-jimmy-choo-242516nfl000002-a0027.html,,http://cdn.orderlink.it/foto/242516ELISAFLATPTZ/ELISAFLATPTZfbh-13.jpg,http://cdn.orderlink.it/foto/242516ELISAFLATPTZ/ELISAFLATPTZbyl-14.jpg,http://cdn.orderlink.it/foto/242516ELISAFLATPTZ/ELISAFLATPTZnjr-16.jpg,Jimmy Choo,242516NFL000002-A0027,Fall - Winter,2024,ELISA FLAT PTZ,A0027,Nero,BLACK BLACK,Italy,80%lamb leather 20%calf leather,elisa ballet flats in nappa leather,"The Elisa ballerina flats by Jimmy Choo are made of soft leather and feature a pointed toe and patent leather strap, embellished with the iconic pearl logo for a touch of sophistication. The lining and insole are both made of leather, while the sole is crafted from high-quality leather. These elegant flats are perfect for adding a refined touch to any outfit.",Woman > Shoes > Flats > Ballet flats,1,835.0,28.00%,39,"0,0,0,0,1,0,2,0,2,0,2,0,2,0,1,0,0,0,0,0,0,0,0,0,0,0,0,0",,,,,,,,"5.0 mm / 0.2""",0,196176941886,580.0,2,242516NFL000002-A0027-39
https://www.styleisnow.com/business/ballet-flats-jimmy-choo-242516nfl000002-a0027.html,,http://cdn.orderlink.it/foto/242516ELISAFLATPTZ/ELISAFLATPTZfbh-13.jpg,http://cdn.orderlink.it/foto/242516ELISAFLATPTZ/ELISAFLATPTZbyl-14.jpg,http://cdn.orderlink.it/foto/242516ELISAFLATPTZ/ELISAFLATPTZnjr-16.jpg,Jimmy Choo,242516NFL000002-A0027,Fall - Winter,2024,ELISA FLAT PTZ,A0027,Nero,BLACK BLACK,Italy,80%lamb leather 20%calf leather,elisa ballet flats in nappa leather,"The Elisa ballerina flats by Jimmy Choo are made of soft leather and feature a pointed toe and patent leather strap, embellished with the iconic pearl logo for a touch of sophistication. The lining and insole are both made of leather, while the sole is crafted from high-quality leather. These elegant flats are perfect for adding a refined touch to any outfit.",Woman > Shoes > Flats > Ballet flats,1,835.0,28.00%,40,"0,0,0,0,1,0,2,0,2,0,2,0,2,0,1,0,0,0,0,0,0,0,0,0,0,0,0,0",,,,,,,,"5.0 mm / 0.2""",0,196176941909,580.0,2,242516NFL000002-A0027-40
https://www.styleisnow.com/business/sneakers-veja-242773nsn000022-whtcm.html,,http://cdn.orderlink.it/foto/241773UC0703151A/UC0703151Abfx-13.jpg,http://cdn.orderlink.it/foto/241773UC0703151A/UC0703151Amru-14.jpg,http://cdn.orderlink.it/foto/241773UC0703151A/UC0703151Azda-16.jpg,Veja,242773NSN000022-WHTCM,Fall - Winter,2024,UC0703151A,WHTCM,Bianco,WHITE CAMEL,Portugal,100% C.W.L.,'urca' vegan sneakers,"Urca vegan sneakers by Veja made from organic cotton worked as leather (C.W.L.) and characterized by the vegan suede side V monogram and heel tab. Contrasting logo printed on the tongue and on the back, recycled fabric lining, removable insole, outsole made from recycled rubber and natural rubber from the Amazonian Forest.",Woman > Shoes > Sneakers,3,205.0,30.00%,39,"0,0,0,0,2,0,4,0,4,0,4,0,4,0,2,0,0,0,0,0,0,0,0,0,0,0,0,0",,,,,,,,"30.0 mm / 1.2""",0,0,140.0,4,242773NSN000022-WHTCM-39
https://www.styleisnow.com/business/ballet-flats-jimmy-choo-242516nfl000002-a0028.html,,http://cdn.orderlink.it/foto/242516ELISAFLATPTZ/ELISAFLATPTZupb-13.jpg,http://cdn.orderlink.it/foto/242516ELISAFLATPTZ/ELISAFLATPTZnbl-14.jpg,http://cdn.orderlink.it/foto/242516ELISAFLATPTZ/ELISAFLATPTZanu-16.jpg,Jimmy Choo,242516NFL000002-A0028,Fall - Winter,2024,ELISA FLAT PTZ,A0028,Bianco,LATTE LATTE,Italy,80%lamb leather 20%calf leather,elisa ballet flats in nappa leather,"The Elisa ballerina flats by Jimmy Choo are made of soft leather and feature a pointed toe and patent leather strap, embellished with the iconic pearl logo for a touch of sophistication. The lining and insole are also made of leather, while the sole is crafted from high-quality leather. These elegant flats are perfect for adding a refined touch to any outfit.",Woman > Shoes > Flats > Ballet flats,1,835.0,28.00%,37,"0,0,0,0,1,0,2,0,2,0,2,0,2,0,1,0,0,0,0,0,0,0,0,0,0,0,0,0",,,,,,,,"5.0 mm / 0.2""",0,197255004935,580.0,2,242516NFL000002-A0028-37
https://www.styleisnow.com/business/ballet-flats-jimmy-choo-242516nfl000002-a0028.html,,http://cdn.orderlink.it/foto/242516ELISAFLATPTZ/ELISAFLATPTZupb-13.jpg,http://cdn.orderlink.it/foto/242516ELISAFLATPTZ/ELISAFLATPTZnbl-14.jpg,http://cdn.orderlink.it/foto/242516ELISAFLATPTZ/ELISAFLATPTZanu-16.jpg,Jimmy Choo,242516NFL000002-A0028,Fall - Winter,2024,ELISA FLAT PTZ,A0028,Bianco,LATTE LATTE,Italy,80%lamb leather 20%calf leather,elisa ballet flats in nappa leather,"The Elisa ballerina flats by Jimmy Choo are made of soft leather and feature a pointed toe and patent leather strap, embellished with the iconic pearl logo for a touch of sophistication. The lining and insole are also made of leather, while the sole is crafted from high-quality leather. These elegant flats are perfect for adding a refined touch to any outfit.",Woman > Shoes > Flats > Ballet flats,1,835.0,28.00%,38,"0,0,0,0,1,0,2,0,2,0,2,0,2,0,1,0,0,0,0,0,0,0,0,0,0,0,0,0",,,,,,,,"5.0 mm / 0.2""",0,197255004959,580.0,2,242516NFL000002-A0028-38
https://www.styleisnow.com/business/ballet-flats-jimmy-choo-242516nfl000002-a0028.html,,http://cdn.orderlink.it/foto/242516ELISAFLATPTZ/ELISAFLATPTZupb-13.jpg,http://cdn.orderlink.it/foto/242516ELISAFLATPTZ/ELISAFLATPTZnbl-14.jpg,http://cdn.orderlink.it/foto/242516ELISAFLATPTZ/ELISAFLATPTZanu-16.jpg,Jimmy Choo,242516NFL000002-A0028,Fall - Winter,2024,ELISA FLAT PTZ,A0028,Bianco,LATTE LATTE,Italy,80%lamb leather 20%calf leather,elisa ballet flats in nappa leather,"The Elisa ballerina flats by Jimmy Choo are made of soft leather and feature a pointed toe and patent leather strap, embellished with the iconic pearl logo for a touch of sophistication. The lining and insole are also made of leather, while the sole is crafted from high-quality leather. These elegant flats are perfect for adding a refined touch to any outfit.",Woman > Shoes > Flats > Ballet flats,1,835.0,28.00%,39,"0,0,0,0,1,0,2,0,2,0,2,0,2,0,1,0,0,0,0,0,0,0,0,0,0,0,0,0",,,,,,,,"5.0 mm / 0.2""",0,197255004973,580.0,2,242516NFL000002-A0028-39
https://www.styleisnow.com/business/ballet-flats-jimmy-choo-242516nfl000002-a0028.html,,http://cdn.orderlink.it/foto/242516ELISAFLATPTZ/ELISAFLATPTZupb-13.jpg,http://cdn.orderlink.it/foto/242516ELISAFLATPTZ/ELISAFLATPTZnbl-14.jpg,http://cdn.orderlink.it/foto/242516ELISAFLATPTZ/ELISAFLATPTZanu-16.jpg,Jimmy Choo,242516NFL000002-A0028,Fall - Winter,2024,ELISA FLAT PTZ,A0028,Bianco,LATTE LATTE,Italy,80%lamb leather 20%calf leather,elisa ballet flats in nappa leather,"The Elisa ballerina flats by Jimmy Choo are made of soft leather and feature a pointed toe and patent leather strap, embellished with the iconic pearl logo for a touch of sophistication. The lining and insole are also made of leather, while the sole is crafted from high-quality leather. These elegant flats are perfect for adding a refined touch to any outfit.",Woman > Shoes > Flats > Ballet flats,1,835.0,28.00%,40,"0,0,0,0,1,0,2,0,2,0,2,0,2,0,1,0,0,0,0,0,0,0,0,0,0,0,0,0",,,,,,,,"5.0 mm / 0.2""",0,197255004997,580.0,2,242516NFL000002-A0028-40
https://www.styleisnow.com/business/pumps-jimmy-choo-242516nde000025-a0036.html,,http://cdn.orderlink.it/foto/242516LOVE85ZNU/LOVE85ZNUygl-13.jpg,http://cdn.orderlink.it/foto/242516LOVE85ZNU/LOVE85ZNUlur-14.jpg,http://cdn.orderlink.it/foto/242516LOVE85ZNU/LOVE85ZNUkkk-16.jpg,Jimmy Choo,242516NDE000025-A0036,Fall - Winter,2024,LOVE 85 ZNU,A0036,Marrone,RATTAN,Italy,100% calf leather,love 85 pumps,Jimmy Choo's Love 85 pumps in leather with golden metal JC logo applied to the heel. Leather lining and leather sole.,Woman > Shoes > Pumps,2,865.0,25.00%,37,"0,0,0,0,1,0,3,0,3,0,2,0,1,0,0,0,0,0,0,0,0,0,0,0,0,0,0,0",,,,,,,,"85.0 mm / 3.3""",0,197255371006,600.0,3,242516NDE000025-A0036-37
https://www.styleisnow.com/business/pumps-jimmy-choo-242516nde000025-a0036.html,,http://cdn.orderlink.it/foto/242516LOVE85ZNU/LOVE85ZNUygl-13.jpg,http://cdn.orderlink.it/foto/242516LOVE85ZNU/LOVE85ZNUlur-14.jpg,http://cdn.orderlink.it/foto/242516LOVE85ZNU/LOVE85ZNUkkk-16.jpg,Jimmy Choo,242516NDE000025-A0036,Fall - Winter,2024,LOVE 85 ZNU,A0036,Marrone,RATTAN,Italy,100% calf leather,love 85 pumps,Jimmy Choo's Love 85 pumps in leather with golden metal JC logo applied to the heel. Leather lining and leather sole.,Woman > Shoes > Pumps,2,865.0,25.00%,38,"0,0,0,0,1,0,3,0,3,0,2,0,1,0,0,0,0,0,0,0,0,0,0,0,0,0,0,0",,,,,,,,"85.0 mm / 3.3""",0,197255371020,600.0,3,242516NDE000025-A0036-38
https://www.styleisnow.com/business/pumps-jimmy-choo-242516nde000025-a0036.html,,http://cdn.orderlink.it/foto/242516LOVE85ZNU/LOVE85ZNUygl-13.jpg,http://cdn.orderlink.it/foto/242516LOVE85ZNU/LOVE85ZNUlur-14.jpg,http://cdn.orderlink.it/foto/242516LOVE85ZNU/LOVE85ZNUkkk-16.jpg,Jimmy Choo,242516NDE000025-A0036,Fall - Winter,2024,LOVE 85 ZNU,A0036,Marrone,RATTAN,Italy,100% calf leather,love 85 pumps,Jimmy Choo's Love 85 pumps in leather with golden metal JC logo applied to the heel. Leather lining and leather sole.,Woman > Shoes > Pumps,1,865.0,25.00%,39,"0,0,0,0,1,0,3,0,3,0,2,0,1,0,0,0,0,0,0,0,0,0,0,0,0,0,0,0",,,,,,,,"85.0 mm / 3.3""",0,197255371044,600.0,2,242516NDE000025-A0036-39
https://www.styleisnow.com/business/pumps-jimmy-choo-242516nde000025-a0035.html,,http://cdn.orderlink.it/foto/242516LOVE85ZNU/LOVE85ZNUipe-13.jpg,http://cdn.orderlink.it/foto/242516LOVE85ZNU/LOVE85ZNUqam-14.jpg,http://cdn.orderlink.it/foto/242516LOVE85ZNU/LOVE85ZNUcez-16.jpg,Jimmy Choo,242516NDE000025-A0035,Fall - Winter,2024,LOVE 85 ZNU,A0035,Viola,GARNET,Italy,100% calf leather,love 85 pumps,Jimmy Choo's Love 85 pumps in leather with golden metal JC logo applied to the heel. Leather lining and leather sole.,Woman > Shoes > Pumps,1,865.0,25.00%,37,"0,0,0,0,1,0,2,0,2,0,3,0,1,0,0,0,0,0,0,0,0,0,0,0,0,0,0,0",,,,,,,,"85.0 mm / 3.3""",0,197255404728,600.0,2,242516NDE000025-A0035-37
https://www.styleisnow.com/business/pumps-jimmy-choo-242516nde000025-a0035.html,,http://cdn.orderlink.it/foto/242516LOVE85ZNU/LOVE85ZNUipe-13.jpg,http://cdn.orderlink.it/foto/242516LOVE85ZNU/LOVE85ZNUqam-14.jpg,http://cdn.orderlink.it/foto/242516LOVE85ZNU/LOVE85ZNUcez-16.jpg,Jimmy Choo,242516NDE000025-A0035,Fall - Winter,2024,LOVE 85 ZNU,A0035,Viola,GARNET,Italy,100% calf leather,love 85 pumps,Jimmy Choo's Love 85 pumps in leather with golden metal JC logo applied to the heel. Leather lining and leather sole.,Woman > Shoes > Pumps,1,865.0,25.00%,38,"0,0,0,0,1,0,2,0,2,0,3,0,1,0,0,0,0,0,0,0,0,0,0,0,0,0,0,0",,,,,,,,"85.0 mm / 3.3""",0,197255404742,600.0,2,242516NDE000025-A0035-38
https://www.styleisnow.com/business/pumps-jimmy-choo-242516nde000025-a0035.html,,http://cdn.orderlink.it/foto/242516LOVE85ZNU/LOVE85ZNUipe-13.jpg,http://cdn.orderlink.it/foto/242516LOVE85ZNU/LOVE85ZNUqam-14.jpg,http://cdn.orderlink.it/foto/242516LOVE85ZNU/LOVE85ZNUcez-16.jpg,Jimmy Choo,242516NDE000025-A0035,Fall - Winter,2024,LOVE 85 ZNU,A0035,Viola,GARNET,Italy,100% calf leather,love 85 pumps,Jimmy Choo's Love 85 pumps in leather with golden metal JC logo applied to the heel. Leather lining and leather sole.,Woman > Shoes > Pumps,2,865.0,25.00%,39,"0,0,0,0,1,0,2,0,2,0,3,0,1,0,0,0,0,0,0,0,0,0,0,0,0,0,0,0",,,,,,,,"85.0 mm / 3.3""",0,197255404766,600.0,3,242516NDE000025-A0035-39
https://www.styleisnow.com/business/cardigans-khaite-242910dcd000001-183.html,http://cdn.orderlink.it/foto/2419108267600K600/8267600K600orx-20.jpg,http://cdn.orderlink.it/foto/2419108267600K600/8267600K600aiz-13.jpg,http://cdn.orderlink.it/foto/2419108267600K600/8267600K600por-14.jpg,http://cdn.orderlink.it/foto/2419108267600K600/8267600K600eva-15.jpg,Khaite,242910DCD000001-183,Fall - Winter,2024,8267600 K600,183,Bianco,GLAZE,Italy,"95% WS, 5% EA",scarlet cashmere cardigan,"Knitted from stretch cashmere, Khaite's Scarlet V-neck cardigan comes in a relaxed fit with wide sleeves, button front and two patch pockets. The garment is finished with ribbed trims. Our model is 177 cm tall and wears a size US 2.",Woman > Clothing > Knitwear > Cardigans,1,2505.0,35.00%,4,"0,0,0,0,0,0,0,1,0,0,0,0,0",,,,,,,,0,,0,1730.0,0,242910DCD000001-183-4
https://www.styleisnow.com/business/pumps-jimmy-choo-242516nde000012-a0035.html,,http://cdn.orderlink.it/foto/242516IXIA80PAT/IXIA80PATfus-13.jpg,http://cdn.orderlink.it/foto/242516IXIA80PAT/IXIA80PATrno-14.jpg,http://cdn.orderlink.it/foto/242516IXIA80PAT/IXIA80PATwhu-16.jpg,Jimmy Choo,242516NDE000012-A0035,Fall - Winter,2024,IXIA 80 PAT,A0035,Viola,GARNET,Italy,100% calf leather,ixia 95 dã©,"The Ixia 95 D&eacute collet&eacute  by Jimmy Choo are made of patent leather with a square cut, featuring a drop-shaped heel. The interior is lined in leather and the sole is made of leather as well.",Woman > Shoes > Pumps,1,995.0,25.00%,37,"0,0,0,0,1,0,2,0,2,0,2,0,1,0,1,0,0,0,0,0,0,0,0,0,0,0,0,0",,,,,,,,"95.0 mm / 3.7""",0,197255381081,690.0,2,242516NDE000012-A0035-37
https://www.styleisnow.com/business/pumps-jimmy-choo-242516nde000012-a0035.html,,http://cdn.orderlink.it/foto/242516IXIA80PAT/IXIA80PATfus-13.jpg,http://cdn.orderlink.it/foto/242516IXIA80PAT/IXIA80PATrno-14.jpg,http://cdn.orderlink.it/foto/242516IXIA80PAT/IXIA80PATwhu-16.jpg,Jimmy Choo,242516NDE000012-A0035,Fall - Winter,2024,IXIA 80 PAT,A0035,Viola,GARNET,Italy,100% calf leather,ixia 95 dã©,"The Ixia 95 D&eacute collet&eacute  by Jimmy Choo are made of patent leather with a square cut, featuring a drop-shaped heel. The interior is lined in leather and the sole is made of leather as well.",Woman > Shoes > Pumps,1,995.0,25.00%,38,"0,0,0,0,1,0,2,0,2,0,2,0,1,0,1,0,0,0,0,0,0,0,0,0,0,0,0,0",,,,,,,,"95.0 mm / 3.7""",0,197255381104,690.0,2,242516NDE000012-A0035-38
https://www.styleisnow.com/business/pumps-jimmy-choo-242516nde000012-a0035.html,,http://cdn.orderlink.it/foto/242516IXIA80PAT/IXIA80PATfus-13.jpg,http://cdn.orderlink.it/foto/242516IXIA80PAT/IXIA80PATrno-14.jpg,http://cdn.orderlink.it/foto/242516IXIA80PAT/IXIA80PATwhu-16.jpg,Jimmy Choo,242516NDE000012-A0035,Fall - Winter,2024,IXIA 80 PAT,A0035,Viola,GARNET,Italy,100% calf leather,ixia 95 dã©,"The Ixia 95 D&eacute collet&eacute  by Jimmy Choo are made of patent leather with a square cut, featuring a drop-shaped heel. The interior is lined in leather and the sole is made of leather as well.",Woman > Shoes > Pumps,1,995.0,25.00%,39,"0,0,0,0,1,0,2,0,2,0,2,0,1,0,1,0,0,0,0,0,0,0,0,0,0,0,0,0",,,,,,,,"95.0 mm / 3.7""",0,197255381128,690.0,2,242516NDE000012-A0035-39
https://www.styleisnow.com/business/ballet-flats-valentino-garavani-242032nfl000002-0no.html,,http://cdn.orderlink.it/foto/2420325W2S0JV2EEY/5W2S0JV2EEYpgj-13.jpg,http://cdn.orderlink.it/foto/2420325W2S0JV2EEY/5W2S0JV2EEYgse-14.jpg,http://cdn.orderlink.it/foto/2420325W2S0JV2EEY/5W2S0JV2EEYrxb-16.jpg,Valentino Garavani,242032NFL000002-0NO,Fall - Winter,2024,5W2S0JV2EEY,0NO,Nero,NERO,Italy,100% calf leather,vlogo locker mary-jane,"These Valentino Garavani Mary-Jane ballerina shoes are made of smooth leather with a VLogo Signature buckle closure in light gold finish. The interior is lined with leather, and the heel features a foldable nappa detail. The sole is made of leather for added comfort and durability.",Woman > Shoes > Flats > Ballet flats,2,1140.0,25.00%,38,"0,0,0,0,2,0,2,0,4,0,4,0,2,0,1,0,0,0,0,0,0,0,0,0,0,0,0,0",,,,,,,,0,0,0,790.0,4,242032NFL000002-0NO-38
https://www.styleisnow.com/business/sneakers-veja-242773nsn000014-wxwkk.html,,http://cdn.orderlink.it/foto/242773CP0502347A/CP0502347Ajcg-13.jpg,http://cdn.orderlink.it/foto/242773CP0502347A/CP0502347Aczh-14.jpg,http://cdn.orderlink.it/foto/242773CP0502347A/CP0502347Avdu-16.jpg,Veja,242773NSN000014-WXWKK,Fall - Winter,2024,CP0502347A,WXWKK,Bianco,EXTRA WHITE KAKI,Brazil,100% calfskin,chromefree sneakers campo sneakers,"Campo sneakers in Chromefree grain leather by Veja, featured by side V monogram in contrasting suede and gold-tone side logo print. Contrasting suede heel tab, logo embossed on the tongue and on the back, interior in eco-sustainable fabric, natural rubber sole from the Amazon Forest.",Woman > Shoes > Sneakers,5,180.0,30.00%,39,"0,0,0,0,0,0,3,0,4,0,6,0,6,0,0,0,0,0,0,0,0,0,0,0,0,0,0,0",,,,,,,,"30.0 mm / 1.2""",0,0,120.0,6,242773NSN000014-WXWKK-39
https://www.styleisnow.com/business/sneakers-veja-242773lsn000020-exwca.html,,http://cdn.orderlink.it/foto/242773CP0503121B/CP0503121Bqvx-13.jpg,http://cdn.orderlink.it/foto/242773CP0503121B/CP0503121Buwy-14.jpg,http://cdn.orderlink.it/foto/242773CP0503121B/CP0503121Brjn-16.jpg,Veja,242773LSN000020-EXWCA,Fall - Winter,2024,CP0503121B,EXWCA,Bianco,EXTRA WHITE CALIFORNIA,Brazil,100% calfskin,chromefree sneakers campo sneakers,"Campo sneakers in Chromefree grain leather by Veja, featured by side V monogram in contrasting suede and gold-tone side logo print. Contrasting suede heel tab, logo embossed on the tongue and on the back, interior in eco-sustainable fabric, natural rubber sole from the Amazon Forest.",Man > Shoes > Sneakers,3,180.0,30.00%,44,"0,0,0,0,0,0,0,0,2,0,6,0,4,0,4,0,4,0,0,0,0,0,0,0,0,0,0",,,,,,,,"30.0 mm / 1.2""",0,0,120.0,4,242773LSN000020-EXWCA-44
https://www.styleisnow.com/business/sandals-castaner-242652nwe000002-203.html,,http://cdn.orderlink.it/foto/241652CARINA3001/CARINA3001xlx-13.jpg,http://cdn.orderlink.it/foto/241652CARINA3001/CARINA3001bhn-14.jpg,http://cdn.orderlink.it/foto/241652CARINA3001/CARINA3001xlv-16.jpg,Castaner,242652NWE000002-203,Fall - Winter,2024,CARINA 3 001,203,Beige,IVORY,Spain,100% CO,carina wedge espadrillas,"Carina handmade espadrilles by Castañer with front canvas upper and contrasting heel with ribbon tied at the ankle. Wedge covered in braided rope, canvas interior, rubber sole.",Woman > Shoes > Sandals,1,135.0,30.00%,40,"0,0,0,0,4,0,8,0,7,0,5,0,2,0,2,0,0,0,0,0,0,0,0,0,0,0,0,0",,,,,,,,"50.0 mm / 2.0""",2 cm,0,90.0,2,242652NWE000002-203-40
https://www.styleisnow.com/business/sandals-and-slippers-birkenstock-242568xsp000007-black.html,,http://cdn.orderlink.it/foto/2415681002314/1002314jqt-13.jpg,http://cdn.orderlink.it/foto/2415681002314/1002314kor-14.jpg,http://cdn.orderlink.it/foto/2415681002314/1002314wbt-16.jpg,Birkenstock,242568XSP000007-BLACK,Fall - Winter,2024,1002314,BLACK,Nero,BLACK,Germany,100% EVA,boston eva clog,"The BIRKENSTOCK Boston clogs are made of EVA with an adjustable strap and a tone-on-tone engraved buckle. The anatomical footbed features the brand's logo, while the sole is made of rubber.",Man > Shoes > Sandals and slippers,12,90.0,25.00%,44,"0,0,0,0,0,0,0,0,0,0,0,0,15,0,13,0,10,0,13,0,0,0,0,0,0",,,,,,,,0,0,0,60.0,13,242568XSP000007-BLACK-44
https://www.styleisnow.com/business/ballet-flats-jimmy-choo-242516nfl000007-a0036.html,,http://cdn.orderlink.it/foto/242516LOVEFLATZNU/LOVEFLATZNUpwg-13.jpg,http://cdn.orderlink.it/foto/242516LOVEFLATZNU/LOVEFLATZNUmxv-14.jpg,http://cdn.orderlink.it/foto/242516LOVEFLATZNU/LOVEFLATZNUxhw-16.jpg,Jimmy Choo,242516NFL000007-A0036,Fall - Winter,2024,LOVE FLAT ZNU,A0036,Beige,RATTAN,Italy,100% calfskin,smooth leather love ballerina flats,"Crafted in smooth matte leather, these Love ballerina flats by Jimmy Choo feature a minimal pointed design. Finished with a metal monogram on the heel, they have a leather lining and insole, as well as a leather sole.",Woman > Shoes > Flats > Ballet flats,1,765.0,28.00%,37,"0,0,0,0,1,0,2,0,3,0,3,0,1,0,0,0,0,0,0,0,0,0,0,0,0,0,0,0",,,,,,,,"5.0 mm / 0.2""",0,0,530.0,2,242516NFL000007-A0036-37
https://www.styleisnow.com/business/ballet-flats-jimmy-choo-242516nfl000007-a0036.html,,http://cdn.orderlink.it/foto/242516LOVEFLATZNU/LOVEFLATZNUpwg-13.jpg,http://cdn.orderlink.it/foto/242516LOVEFLATZNU/LOVEFLATZNUmxv-14.jpg,http://cdn.orderlink.it/foto/242516LOVEFLATZNU/LOVEFLATZNUxhw-16.jpg,Jimmy Choo,242516NFL000007-A0036,Fall - Winter,2024,LOVE FLAT ZNU,A0036,Beige,RATTAN,Italy,100% calfskin,smooth leather love ballerina flats,"Crafted in smooth matte leather, these Love ballerina flats by Jimmy Choo feature a minimal pointed design. Finished with a metal monogram on the heel, they have a leather lining and insole, as well as a leather sole.",Woman > Shoes > Flats > Ballet flats,2,765.0,28.00%,38,"0,0,0,0,1,0,2,0,3,0,3,0,1,0,0,0,0,0,0,0,0,0,0,0,0,0,0,0",,,,,,,,"5.0 mm / 0.2""",0,0,530.0,3,242516NFL000007-A0036-38
https://www.styleisnow.com/business/ballet-flats-jimmy-choo-242516nfl000007-a0036.html,,http://cdn.orderlink.it/foto/242516LOVEFLATZNU/LOVEFLATZNUpwg-13.jpg,http://cdn.orderlink.it/foto/242516LOVEFLATZNU/LOVEFLATZNUmxv-14.jpg,http://cdn.orderlink.it/foto/242516LOVEFLATZNU/LOVEFLATZNUxhw-16.jpg,Jimmy Choo,242516NFL000007-A0036,Fall - Winter,2024,LOVE FLAT ZNU,A0036,Beige,RATTAN,Italy,100% calfskin,smooth leather love ballerina flats,"Crafted in smooth matte leather, these Love ballerina flats by Jimmy Choo feature a minimal pointed design. Finished with a metal monogram on the heel, they have a leather lining and insole, as well as a leather sole.",Woman > Shoes > Flats > Ballet flats,2,765.0,28.00%,39,"0,0,0,0,1,0,2,0,3,0,3,0,1,0,0,0,0,0,0,0,0,0,0,0,0,0,0,0",,,,,,,,"5.0 mm / 0.2""",0,0,530.0,3,242516NFL000007-A0036-39
https://www.styleisnow.com/business/wallets-burberry-242481fpg000001-a2021.html,,http://cdn.orderlink.it/foto/2424818091926/8091926ddd-13.jpg,http://cdn.orderlink.it/foto/2424818091926/8091926zja-14.jpg,http://cdn.orderlink.it/foto/2424818091926/8091926fww-15.jpg,Burberry,242481FPG000001-A2021,Fall - Winter,2024,8091926,A2021,Beige,SAND,Macedonia,55%PU 25%PL 20%CO,book wallet in coated canvas bi-fold design,"This Burberry bi-fold wallet is made of coated canvas with the iconic Check pattern and features two compartments for bills, eight credit card slots, and two slip pockets.",Man > Accessories > Wallets and small leather goods > Wallets,32,435.0,30.00%,os,35,,,0.0,0,11 cm,"9,5 cm",0,0,,0,300.0,35,242481FPG000001-A2021-os
https://www.styleisnow.com/business/sneakers-salomon-242241xsn000016-blblp.html,,http://cdn.orderlink.it/foto/242241L41086600/L41086600xki-13.jpg,http://cdn.orderlink.it/foto/242241L41086600/L41086600cgg-14.jpg,http://cdn.orderlink.it/foto/242241L41086600/L41086600qkh-16.jpg,Salomon,242241XSN000016-BLBLP,Fall - Winter,2024,L41086600,BLBLP,Nero,BLACK BLACK PHANTOM,Cambodia,100% TR,xt-6 sneakers,Salomon S-LAB XT-6 Soft Ground trail sneakers crafted in technical fabric withSensiFit structure and Quicklace one-pull lace-up system with pocket to store the drawstring on the tongue. Endofit fabric lining and removable Ortholite fabric insole. Agile Chassis System insert between Contagrip rubber tread and AC2 Muscle midsole. 	,Unisex > Calzature unisex > Sneakers,4,230.0,25.00%,7,"0,0,0,0,0,0,0,0,0,0,2,5,5,1,0,7,0,4,1,1,1,1,0,0,0,0,0,0,0",,,,,,,,"30.0 mm / 1.2""",0,0,160.0,5,242241XSN000016-BLBLP-7
https://www.styleisnow.com/business/sneakers-salomon-242241xsn000008-whwlr.html,,http://cdn.orderlink.it/foto/242241L41252900/L41252900lue-13.jpg,http://cdn.orderlink.it/foto/242241L41252900/L41252900btr-14.jpg,http://cdn.orderlink.it/foto/242241L41252900/L41252900jxh-16.jpg,Salomon,242241XSN000008-WHWLR,Fall - Winter,2024,L41252900,WHWLR,Bianco,WHITE WHITE LUNAR ROCK,Cambodia,100% TR,xt-6 sneakers,Salomon S-LAB XT-6 Soft Ground trail sneakers crafted in technical fabric withSensiFit structure and Quicklace one-pull lace-up system with pocket to store the drawstring on the tongue. Endofit fabric lining and removable Ortholite fabric insole. Agile Chassis System insert between Contagrip rubber tread and AC2 Muscle midsole. 	,Unisex > Calzature unisex > Sneakers,9,230.0,25.00%,9,"0,0,0,0,0,0,0,0,0,0,0,5,5,2,0,7,11,11,10,6,4,1,0,0,0,0,0,0,0",,,,,,,,"30.0 mm / 1.2""",0,0,160.0,10,242241XSN000008-WHWLR-9
https://www.styleisnow.com/business/mules-jimmy-choo-242516nde000031-a0037.html,,http://cdn.orderlink.it/foto/242516BING100BZS/BING100BZSgyg-13.jpg,http://cdn.orderlink.it/foto/242516BING100BZS/BING100BZSroj-14.jpg,http://cdn.orderlink.it/foto/242516BING100BZS/BING100BZSxjt-16.jpg,Jimmy Choo,242516NDE000031-A0037,Fall - Winter,2024,BING 100 BZS,A0037,Rosa,MACARON MIX,Italy,70%goatskin 30%TR,bing 100 mules with,"Jimmy Choo Bing mules made of suede and mesh, embellished with a striped pattern studded with micro crystals and a front strap decorated with individual degradé crystals. Covered stiletto heel, leather insole and leather sole.",Woman > Shoes > Mules,1,2045.0,28.00%,37,"0,0,0,0,1,0,2,0,1,0,1,0,1,0,0,0,0,0,0,0,0,0,0,0,0,0,0,0",,,,,,,,"100.0 mm / 3.9""",0,197255340200,1410.0,2,242516NDE000031-A0037-37
https://www.styleisnow.com/business/sandals-birkenstock-242568xsp000043-a0006.html,,http://cdn.orderlink.it/foto/2425681024064/1024064pky-13.jpg,http://cdn.orderlink.it/foto/2425681024064/1024064miz-14.jpg,http://cdn.orderlink.it/foto/2425681024064/1024064iwe-16.jpg,Birkenstock,242568XSP000043-A0006,Fall - Winter,2024,1024064,A0006,Beige,SANDCASTEL,Germany,100% leather,big buckle arizona slides,"BIRKENSTOCK Arizona slides crafted in oiled nabuck leather featuring double adjustable strap with oversize gold-finished metal buckle featuring debossed logo. Smooth leather footbed, moulded cork and latex sole and EVA tread. Narrow fit.",Woman > Shoes > Sandals,3,165.0,25.00%,40,"0,0,2,0,3,0,1,0,1,0,4,0,2,0,0,0,0,0,0,0,0,0,0,0,0",,,,,,,,0,0,0,120.0,4,242568XSP000043-A0006-40
https://www.styleisnow.com/business/t-shirts-marni-242418uts000003-0aw01.html,http://cdn.orderlink.it/foto/242418HUMU0198X0UTC017/HUMU0198X0UTC017xoo-20.jpg,http://cdn.orderlink.it/foto/242418HUMU0198X0UTC017/HUMU0198X0UTC017okm-13.jpg,http://cdn.orderlink.it/foto/242418HUMU0198X0UTC017/HUMU0198X0UTC017tkc-14.jpg,http://cdn.orderlink.it/foto/242418HUMU0198X0UTC017/HUMU0198X0UTC017cbw-15.jpg,Marni,242418UTS000003-0AW01,Fall - Winter,2024,HUMU0198X0 UTC017,0AW01,Bianco,LILY WHITE,Italy,100%CO-O,t-shirt with patch logo design,This Marni crew neck t-shirt is made of lightweight organic cotton jersey and features a hand-sewn logo application on the chest. The neckline is finished with ribbing and has a regular fit. The model is 187 cm tall and wears an IT size 48.,Man > Clothing > T-Shirts and Sweatshirts > T-shirts,1,380.0,42.00%,50,"0,0,0,1,2,1,0,0,0,0,0,0",,,,,,,,0,,0,260.0,2,242418UTS000003-0AW01-50
https://www.styleisnow.com/business/t-shirts-marni-242418uts000003-00n99.html,http://cdn.orderlink.it/foto/242418HUMU0198X0UTC017/HUMU0198X0UTC017nkr-20.jpg,http://cdn.orderlink.it/foto/242418HUMU0198X0UTC017/HUMU0198X0UTC017sxr-13.jpg,http://cdn.orderlink.it/foto/242418HUMU0198X0UTC017/HUMU0198X0UTC017zkl-14.jpg,http://cdn.orderlink.it/foto/242418HUMU0198X0UTC017/HUMU0198X0UTC017lbi-15.jpg,Marni,242418UTS000003-00N99,Fall - Winter,2024,HUMU0198X0 UTC017,00N99,Nero,BLACK,Italy,100%CO-O,t-shirt with patch logo design,This Marni crew neck t-shirt is made of lightweight organic cotton jersey and features a hand-sewn logo application on the chest. The neckline is finished with ribbing and has a regular fit. The model is 187 cm tall and wears an IT size 48.,Man > Clothing > T-Shirts and Sweatshirts > T-shirts,1,380.0,42.00%,50,"0,0,1,1,2,0,0,0,0,0,0,0",,,,,,,,0,,0,260.0,2,242418UTS000003-00N99-50
https://www.styleisnow.com/business/sneakers-isabel-marant-242441nsn000004-01bk.html,,http://cdn.orderlink.it/foto/242441BK0010FAB3E03S/BK0010FAB3E03Srtf-13.jpg,http://cdn.orderlink.it/foto/242441BK0010FAB3E03S/BK0010FAB3E03Serb-14.jpg,http://cdn.orderlink.it/foto/242441BK0010FAB3E03S/BK0010FAB3E03Skpz-16.jpg,Isabel Marant,242441NSN000004-01BK,Fall - Winter,2024,BK0010FA B3E03S,01BK,Nero,BLACK,Portugal,100% cow leather,suede leather bekett sneakers,"Bekett sneakers by Isabel Marant in suede leather with smooth leather details and characterized by a padded tongue and a built-in wedge. Adjustable velcro closure, leather interior wirh removable insole and rubber sole.",Woman > Shoes > Sneakers,1,635.0,35.00%,39,"0,0,0,0,1,0,0,0,1,0,2,0,0,0,0,0,0,0,0,0,0,0,0,0,0,0,0,0",,,,,,,,"90.0 mm / 3.5""",0,0,440.0,2,242441NSN000004-01BK-39
https://www.styleisnow.com/business/mules-ugg-242357ncx000004-blk.html,,http://cdn.orderlink.it/foto/2423575955/5955nyo-13.jpg,http://cdn.orderlink.it/foto/2423575955/5955dwe-14.jpg,http://cdn.orderlink.it/foto/2423575955/5955nhy-16.jpg,Ugg,242357NCX000004-BLK,Fall - Winter,2024,5955,BLK,Nero,BLACK,Vietnam,100% leather,tasman mules,"Tasman mules by UGG made of suede leather with embroidered Tasman braid UGG® detail, UGGpure™ sheepskin interior and SugarSole™ rubber outsole.",Woman > Shoes > Mules,1,160.0,29.99%,8,"0,0,0,0,0,0,0,0,2,0,1,0,0,0,0,0,0",,,,,,,,"20.0 mm / 0.8""",0,0,110.0,2,242357NCX000004-BLK-8
https://www.styleisnow.com/business/t-shirts-comme-des-garcons-play-241674uts000016-grey.html,http://cdn.orderlink.it/foto/232674P1T080/P1T080iyu-20.jpg,http://cdn.orderlink.it/foto/232674P1T080/P1T080eqb-13.jpg,http://cdn.orderlink.it/foto/232674P1T080/P1T080duc-14.jpg,http://cdn.orderlink.it/foto/232674P1T080/P1T080uql-15.jpg,Comme Des Garcons Play,241674UTS000016-GREY,Fall - Winter,2024,AX T080 051,GREY,Grigio,GREY,Japan,100% CO,t-shirt with play print,T-shirt from the Play collection by Comme Des Garçons crafted in pure cotton jersey with Play print on the chest. It features ribbed crew neck. Regular fit. The model is 187 cm tall and wears size L.,Man > Clothing > T-Shirts and Sweatshirts > T-shirts,2,115.0,34.99%,l,"3,2,2,0,0,0,0,0,0,0,0,0",,,,,,,,0,,3607935916689,80.0,3,241674UTS000016-GREY-l
https://www.styleisnow.com/business/joggers-the-north-face-242754dpn000001-jk3t.html,http://cdn.orderlink.it/foto/242754NF0A8769/NF0A8769bfy-20.jpg,http://cdn.orderlink.it/foto/242754NF0A8769/NF0A8769ynw-13.jpg,http://cdn.orderlink.it/foto/242754NF0A8769/NF0A8769wrs-14.jpg,http://cdn.orderlink.it/foto/242754NF0A8769/NF0A8769blg-15.jpg,The North Face,242754DPN000001-JK3T,Fall - Winter,2024,NF0A8769,JK3T,Nero,TNF BLACK,Bangladesh,100% PL,the north face easy wind technical pants,"The North Face TNF Easy Wind technical pants feature a wide leg design and are made from wind-resistant WindWall&trade  fabric with PFC-free DWR finish for added water protection. They have an elastic waistband with internal drawstring, inseam pockets, a zippered back pocket, adjustable cuffs, and an iconic embroidered logo on the left leg in contrasting color. The model is 177 cm tall and wears size XS.",Woman > Clothing > Trousers > Joggers,1,130.0,24.99%,s,"1,2,2,0,1,0,0,0,0",,,,,,,,0,,0,90.0,2,242754DPN000001-JK3T-s
https://www.styleisnow.com/business/shirts-haikure-242a23dcw000001-l0853.html,http://cdn.orderlink.it/foto/242A23HEW06080DF144/HEW06080DF144mbv-20.jpg,http://cdn.orderlink.it/foto/242A23HEW06080DF144/HEW06080DF144ltu-13.jpg,http://cdn.orderlink.it/foto/242A23HEW06080DF144/HEW06080DF144yuw-14.jpg,http://cdn.orderlink.it/foto/242A23HEW06080DF144/HEW06080DF144jhh-15.jpg,Haikure,242A23DCW000001-L0853,Fall - Winter,2024,HEW06080DF144,L0853,Blu,BLUE TENCEL,Italy,82% CO 18% LY,new ofelia oversized shirt,"This oversized Haikure shirt is made of a cotton blend denim with a classic collar, snap button closure, and rounded hem. The model is 177 cm tall and wears size S.",Woman > Clothing > Shirts and Blouses > Shirts,2,435.0,35.00%,s,"0,3,3,0,0,0,0,0,0",,,,,,,,0,,0,300.0,3,242A23DCW000001-L0853-s
https://www.styleisnow.com/business/sneakers-isabel-marant-242441nsn000005-bkwh.html,,http://cdn.orderlink.it/foto/242441BK0013FAA4E11S/BK0013FAA4E11Svre-13.jpg,http://cdn.orderlink.it/foto/242441BK0013FAA4E11S/BK0013FAA4E11Sgin-14.jpg,http://cdn.orderlink.it/foto/242441BK0013FAA4E11S/BK0013FAA4E11Saeb-16.jpg,Isabel Marant,242441NSN000005-BKWH,Fall - Winter,2024,BK0013FA A4E11S,BKWH,Nero,BLACK/WHITE,Portugal,100% cow leather,beth leather sneakers,"Isabel Marant Beth sneakers made of smooth leather with suede leather insert on toe, characterized by contrasting side logo and logoed heel tab. Front velcro closure, leather and fabric interior with removable leather insole, rubber sole.",Woman > Shoes > Sneakers,1,505.0,35.00%,38,"0,0,0,0,1,0,2,0,2,0,2,0,1,0,0,0,0,0,0,0,0,0,0,0,0,0,0,0",,,,,,,,"25.0 mm / 1.0""",0,0,350.0,2,242441NSN000005-BKWH-38
https://www.styleisnow.com/business/sneakers-off-white-242411nsn000011-013b.html,,http://cdn.orderlink.it/foto/242411OWIA259F24LEA001/OWIA259F24LEA001cyr-13.jpg,http://cdn.orderlink.it/foto/242411OWIA259F24LEA001/OWIA259F24LEA001lto-14.jpg,http://cdn.orderlink.it/foto/242411OWIA259F24LEA001/OWIA259F24LEA001dck-16.jpg,Off-White,242411NSN000011-013B,Fall - Winter,2024,OWIA259F24LEA001,013B,Bianco,WHITE - ROSE PINK,China,89%leather 11%PL,out of office sneakers,"Out Of Office sneakers by Off-White crafted in smooth leather with iconic contrasting side Arrow. Printed lettering logo on the heel tab, padded tongue in technical fabric with leather logo patch, removable leather Zip Tie tag and perforated toe. Fabric lining with removable insole, rubber sole with contrast tread.",Woman > Shoes > Sneakers,1,630.0,30.00%,39,"0,0,0,0,0,0,1,0,2,0,2,0,1,0,1,0,0,0,0,0,0,0,0,0,0,0,0,0",,,,,,,,"35.0 mm / 1.4""",0,0,430.0,2,242411NSN000011-013B-39
https://www.styleisnow.com/business/sneakers-golden-goose-242571nsn000022-11166.html,,http://cdn.orderlink.it/foto/231571GWF00102F004108/GWF00102F004108lxk-13.jpg,http://cdn.orderlink.it/foto/231571GWF00102F004108/GWF00102F004108jqs-14.jpg,http://cdn.orderlink.it/foto/231571GWF00102F004108/GWF00102F004108bxk-16.jpg,Golden Goose,242571NSN000022-11166,Fall - Winter,2024,GWF00102 F004108,11166,Bianco,WHITE/ICE/GREY,Italy,96%bovine leather 03%PE 01%CO,super-star sneakers,"Super-Star sneakers by Golden Goose in vintage-effect leather with glittered heel tab and contrasting side stra. Suede leather tongue and side silver-finished metal logo. Leather and fabric lining, removable leather insole, vintage-effect rubber sole.",Woman > Shoes > Sneakers,2,655.0,30.00%,39,"0,0,0,0,3,0,3,0,2,0,4,0,1,0,1,0,0,0,0,0,0,0,0,0,0,0,0,0",,,,,,,,"25.0 mm / 1.0""",0,0,450.0,4,242571NSN000022-11166-39
https://www.styleisnow.com/business/sneakers-golden-goose-242571nsn000008-90282.html,,http://cdn.orderlink.it/foto/232571GWF00199F003270/GWF00199F003270myp-13.jpg,http://cdn.orderlink.it/foto/232571GWF00199F003270/GWF00199F003270lpr-14.jpg,http://cdn.orderlink.it/foto/232571GWF00199F003270/GWF00199F003270tjx-16.jpg,Golden Goose,242571NSN000008-90282,Fall - Winter,2024,GWF00199 F003270,90282,Nero,BLACK/SILVER/ICE,Italy,55%ovine leather 27%PL 6%PVC 5%GL 3%PA 2%PU 2%bovine leather,dad-star sneakers in mesh and nappa leather,"Golden Goose Dad-Star sneakers with a vintage effect, made of mesh and nappa leather, with reflex fabric inserts, chrome-effect lace loops and finished with suede iconic star on the outer side. They feature padded logo tab, gold lettering printed logo on toe, leather and terry lining, removable insole, rubber sole.",Woman > Shoes > Sneakers,1,695.0,30.00%,37,"0,0,0,0,1,0,2,0,2,0,2,0,0,0,0,0,0,0,0,0,0,0,0,0,0,0,0,0",,,,,,,,"45.0 mm / 1.8""",0,0,480.0,2,242571NSN000008-90282-37
https://www.styleisnow.com/business/sneakers-golden-goose-242571nsn000017-10366.html,,http://cdn.orderlink.it/foto/242571GWF00117F006150/GWF00117F006150zcx-13.jpg,http://cdn.orderlink.it/foto/242571GWF00117F006150/GWF00117F006150htf-14.jpg,http://cdn.orderlink.it/foto/242571GWF00117F006150/GWF00117F006150asq-16.jpg,Golden Goose,242571NSN000017-10366,Fall - Winter,2024,GWF00117 F006150,10366,Bianco,WHITE/BEIGE/BEIGE BROWN LEO,Italy,100% cow leather,ball star sneakers by,"The Ball Star sneakers by Golden Goose are made of used-effect leather with a side star and leopard print spoiler. The toe and heel feature cracked leather, while the back showcases a large ""SNEAKERS"" lettering in contrasting colors. The toe has perforations, the side logo is gold, and there's a fabric label on the tongue. The interior is lined with sponge and has a removable leather insole, while the sole is made of glittery rubber.",Man > Shoes > Sneakers,5,655.0,30.00%,39,"0,0,0,0,0,0,7,0,8,0,7,0,2,0,0,0,0,0,0,0,0,0,0,0,0,0,0,0",,,,,,,,"30.0 mm / 1.2""",0,0,450.0,7,242571NSN000017-10366-39
https://www.styleisnow.com/business/birkenstock-242568xsp000063-black.html,,http://cdn.orderlink.it/foto/2425681025245/1025245pji-13.jpg,http://cdn.orderlink.it/foto/2425681025245/1025245hsj-14.jpg,http://cdn.orderlink.it/foto/2425681025245/1025245shi-16.jpg,Birkenstock,242568XSP000063-BLACK,Fall - Winter,2024,1025245,BLACK,Nero,BLACK,Germany,100% leather,'st barths narrow fit sl,"These St Barths slides by Birkenstock are a refined and feminine reinterpretation of the classic Arizona style, made from soft natural leather with a glossy finish. They feature a double adjustable strap with square buckles in branded zamak, a semi-exquisite anatomical cork and latex footbed with a leather lining, and a natural rubber sole. Designed for a narrow fit.",Unisex > Calzature unisex > Mules,1,280.0,25.00%,37,"0,0,1,0,2,0,2,0,2,0,0,0,1,0,0,0,0,0,0,0,0,0,0,0,0",,,,,,,,"20.0 mm / 0.8""",0,0,190.0,2,242568XSP000063-BLACK-37
https://www.styleisnow.com/business/sneakers-242a43nsn000007-99024.html,,http://cdn.orderlink.it/foto/242A436199024/6199024pmi-13.jpg,http://cdn.orderlink.it/foto/242A436199024/6199024kge-14.jpg,http://cdn.orderlink.it/foto/242A436199024/6199024nzu-16.jpg,On,242A43NSN000007-99024,Fall - Winter,2024,6199024,99024,Nero,BLACK   MAGNET,Vietnam,100% TR,cloudmonster sneakers,"The On Cloudmonster sneakers, with their pronounced arched shape, feature a breathable upper made from recycled materials and a super cushioned CloudTec&reg  sole. The logo and lettering are tonally printed on the outer side, while the semi-lined interior has a soft and removable insole. The ultra-powerful Speedboard&reg  midsole and Helion&trade  supersoft rubber outsole complete these shoes.",Woman > Shoes > Sneakers,1,230.0,0%,9,"0,0,0,0,1,0,2,0,3,0,3,0,2,0,1,0,0",,,,,,,,"45.0 mm / 1.8""",0,0,160.0,3,242A43NSN000007-99024-9
